year,week,Side,V1,V2,V3
2013,1,Central,144.86,9600,23
2013,1,FarNorth,34,1980,3
2013,1,FarSouthwest,6.85,180,1
2013,1,North,58.7,4020,8
2013,1,Northwest,6.5,180,1
2013,1,South,9.7,420,1
2013,1,Southeast,8.245,90,1
2013,1,Southwest,10.65,300,1
2013,1,West,22.225,1260,3
2013,2,Central,227.85,13980,37
2013,2,FarNorth,39.75,2100,4
2013,2,FarSouthwest,5.45,60,1
2013,2,North,74.375,4500,11
2013,2,Northwest,6.65,180,1
2013,2,South,9.575,420,1
2013,2,Southeast,7.1,60,1
2013,2,Southwest,11.6,120,2
2013,2,West,26.69,1380,4
2013,3,Central,272.7,16680,43
2013,3,FarNorth,39.5,2010,4
2013,3,FarSouthwest,3.45,60,1
2013,3,North,79.25,4800,12
2013,3,Northwest,6.65,120,1
2013,3,South,10.1,420,1
2013,3,Southeast,9.75,360,1
2013,3,Southwest,10.3,120,1
2013,3,West,29,1440,4
2013,4,Central,300.255,18810,46.5
2013,4,FarNorth,42.1,2220,4
2013,4,FarSouthwest,10.35,90,1
2013,4,North,79.895,4860,12
2013,4,Northwest,6.85,180,1
2013,4,South,9.65,480,1
2013,4,Southeast,6.475,60,1
2013,4,Southwest,11.525,60,2
2013,4,West,33.05,1740,5
2013,5,Central,268.97,16620,43
2013,5,FarNorth,43.85,2400,4
2013,5,FarSouthwest,9.65,60,1
2013,5,North,80.85,5100,12
2013,5,Northwest,7.375,210,1
2013,5,South,9.85,480,1
2013,5,Southeast,6.5,60,1
2013,5,Southwest,11.7,120,2
2013,5,West,30.025,1560,5
2013,6,Central,273.96,17580,42
2013,6,FarNorth,44.725,2520,4
2013,6,FarSouthwest,5.775,150,1
2013,6,North,71.45,4500,10
2013,6,Northwest,7.45,240,1
2013,6,South,9.85,480,1
2013,6,Southeast,8.65,300,1
2013,6,Southwest,11.375,120,2
2013,6,West,29.55,1560,5
2013,7,Central,307.25,19800,47
2013,7,FarNorth,42.575,2280,4
2013,7,FarSouthwest,3.35,30,1
2013,7,North,87.05,5460,13
2013,7,Northwest,6.85,180,1
2013,7,South,10.475,480,1
2013,7,Southeast,8.775,270,1
2013,7,Southwest,10.5,120,1
2013,7,West,30.7,1680,5
2013,8,Central,270.87,17160,41
2013,8,FarNorth,43.1,2340,4
2013,8,FarSouthwest,15.05,720,1
2013,8,North,73.05,4500,11
2013,8,Northwest,7.85,240,1
2013,8,South,10.5,540,1
2013,8,Southeast,10.775,360,1
2013,8,Southwest,13.65,300,1
2013,8,West,31.175,1740,5
2013,9,Central,260.63,16920,39
2013,9,FarNorth,44.95,2520,4
2013,9,FarSouthwest,8.05,240,1
2013,9,North,66.25,4140,10
2013,9,Northwest,7.45,300,1
2013,9,South,11.675,600,1
2013,9,Southeast,16.75,720,1
2013,9,Southwest,14.9,480,1
2013,9,West,31.25,1740,4
2013,10,Central,249.76,16800,38
2013,10,FarNorth,42.8,2400,4
2013,10,FarSouthwest,16.65,840,1
2013,10,North,67.7,4380,10
2013,10,Northwest,7.25,240,1
2013,10,South,9.85,480,1
2013,10,Southeast,16.25,360,1
2013,10,Southwest,14.45,420,1
2013,10,West,29.925,1680,4
2013,11,Central,300.625,19620,46
2013,11,FarNorth,44.125,2460,4
2013,11,FarSouthwest,9.25,300,1
2013,11,North,110.55,7800,15
2013,11,Northwest,8.05,240,1
2013,11,South,10.45,480,1
2013,11,Southeast,8.975,450,1
2013,11,Southwest,12.55,300,1
2013,11,West,33.05,1860,5
2013,12,Central,329.25,21540,49
2013,12,FarNorth,43.35,2280,4
2013,12,FarSouthwest,7.2,240,1
2013,12,North,65.54,4020,10
2013,12,Northwest,7.25,180,1
2013,12,South,10.45,540,1
2013,12,Southeast,12.05,360,1
2013,12,Southwest,17.25,360,1
2013,12,West,28,1500,4
2013,13,Central,248.2,16080,38
2013,13,FarNorth,39.75,2100,4
2013,13,FarSouthwest,6.5,120,1
2013,13,North,60.2,3660,9
2013,13,Northwest,6.575,180,1
2013,13,South,8.875,420,1
2013,13,Southeast,8.45,240,1
2013,13,Southwest,10.925,180,1
2013,13,West,28.525,1440,4
2013,14,Central,258.61,17280,40
2013,14,FarNorth,40.7,2220,4
2013,14,FarSouthwest,8.44,240,1
2013,14,North,65.92,4140,10
2013,14,Northwest,6.85,180,1
2013,14,South,9.7,480,1
2013,14,Southeast,16.4,630,1
2013,14,Southwest,12.45,240,1
2013,14,West,28.45,1560,4
2013,15,Central,256.35,16260,40
2013,15,FarNorth,44.2,2400,4
2013,15,FarSouthwest,11.575,210,1
2013,15,North,75.35,4800,11
2013,15,Northwest,7.15,240,1
2013,15,South,9.75,480,1
2013,15,Southeast,13.05,540,1
2013,15,Southwest,13.25,360,1
2013,15,West,28.65,1560,4
2013,16,Central,285.99,18600,44
2013,16,FarNorth,47,2640,4
2013,16,FarSouthwest,9.225,120,1
2013,16,North,68.7,4320,10
2013,16,Northwest,6.7,180,1
2013,16,South,10.85,540,1
2013,16,Southeast,10.5,270,1
2013,16,Southwest,14.55,420,1
2013,16,West,28.9,1620,4
2013,17,Central,295.9,19830,44
2013,17,FarNorth,44.65,2520,4
2013,17,FarSouthwest,7.65,330,1
2013,17,North,64.86,4080,9
2013,17,Northwest,6.85,180,1
2013,17,South,9.75,480,1
2013,17,Southeast,10.55,540,1
2013,17,Southwest,13.175,360,1
2013,17,West,26,1440,4
2013,18,Central,249.8,16320,38
2013,18,FarNorth,41.85,2340,4
2013,18,FarSouthwest,7.9,60,1
2013,18,North,73.275,4800,10
2013,18,Northwest,7.45,240,1
2013,18,South,10.25,540,1
2013,18,Southeast,12.45,600,1
2013,18,Southwest,13.85,420,1
2013,18,West,27.95,1560,4
2013,19,Central,260.37,17310,39
2013,19,FarNorth,42.9,2520,4
2013,19,FarSouthwest,11.5,780,1
2013,19,North,59.575,3780,8
2013,19,Northwest,7.05,240,1
2013,19,South,10.45,540,1
2013,19,Southeast,17.85,600,1
2013,19,Southwest,12.925,300,1
2013,19,West,25.4,1440,4
2013,20,Central,301.64,20400,44
2013,20,FarNorth,44.55,2520,4
2013,20,FarSouthwest,8.45,180,1
2013,20,North,75.925,5040,11
2013,20,Northwest,7.25,180,1
2013,20,South,10.25,480,1
2013,20,Southeast,10.675,480,1
2013,20,Southwest,13.4,360,1
2013,20,West,27,1560,4
2013,21,Central,282.66,19080,42
2013,21,FarNorth,44.125,2580,4
2013,21,FarSouthwest,11.85,240,1
2013,21,North,63.65,4020,9
2013,21,Northwest,7.5,210,1
2013,21,South,10.65,540,1
2013,21,Southeast,11.5,420,1
2013,21,Southwest,13.55,420,1
2013,21,West,24.99,1380,4
2013,22,Central,269.15,18180,39
2013,22,FarNorth,44.05,2460,4
2013,22,FarSouthwest,8.05,180,1
2013,22,North,75.625,5130,11
2013,22,Northwest,7.65,180,1
2013,22,South,10.1,480,1
2013,22,Southeast,10.25,720,1
2013,22,Southwest,13.8,420,1
2013,22,West,28.2,1620,4
2013,23,Central,306.87,20880,44
2013,23,FarNorth,43.74,2460,4
2013,23,FarSouthwest,5.85,120,1
2013,23,North,78.04,5100,11
2013,23,Northwest,8.3,240,1
2013,23,South,9.7,480,1
2013,23,Southeast,7.45,120,1
2013,23,Southwest,12.85,240,1
2013,23,West,25.17,1380,4
2013,24,Central,310.87,21360,46
2013,24,FarNorth,43.6,2520,4
2013,24,FarSouthwest,21.25,960,1
2013,24,North,69.7,4500,10
2013,24,Northwest,7.25,180,1
2013,24,South,9.75,540,1
2013,24,Southeast,8.65,300,1
2013,24,Southwest,11.525,180,1
2013,24,West,28.9,1620,4
2013,25,Central,337.45,22860,49
2013,25,FarNorth,43.9,2460,4
2013,25,FarSouthwest,8.05,240,1
2013,25,North,84.8,5460,12
2013,25,Northwest,6.875,120,1
2013,25,South,9.575,480,1
2013,25,Southeast,6.95,270,1
2013,25,Southwest,11.55,120,1
2013,25,West,27.35,1440,4
2013,26,Central,305.49,21060,45
2013,26,FarNorth,45.55,2640,4
2013,26,FarSouthwest,8.05,60,1
2013,26,North,81.25,5400,11
2013,26,Northwest,7.85,240,1
2013,26,South,9.25,480,1
2013,26,Southeast,8.15,240,1
2013,26,Southwest,11.3,180,1
2013,26,West,28.75,1620,4
2013,27,Central,232.45,15960,34
2013,27,FarNorth,39.9,2220,4
2013,27,FarSouthwest,11.575,330,1
2013,27,North,75.5,4740,10
2013,27,Northwest,7.25,180,1
2013,27,South,10.325,540,1
2013,27,Southeast,11.475,510,1
2013,27,Southwest,11.175,240,1
2013,27,West,22.7,1200,3
2013,28,Central,306.6,21660,44
2013,28,FarNorth,43.49,2460,4
2013,28,FarSouthwest,4.25,0,1
2013,28,North,82.2,5400,11
2013,28,Northwest,6.65,180,1
2013,28,South,8.775,480,1
2013,28,Southeast,7.55,120,1
2013,28,Southwest,10.3,180,1
2013,28,West,26.425,1440,4
2013,29,Central,371.545,25860,54
2013,29,FarNorth,43.65,2520,4
2013,29,FarSouthwest,5.05,90,1
2013,29,North,88.75,5880,12
2013,29,Northwest,7.25,240,1
2013,29,South,9.475,420,1
2013,29,Southeast,5.05,120,1
2013,29,Southwest,10.25,120,1
2013,29,West,30.42,1680,5
2013,30,Central,321.065,22470,47
2013,30,FarNorth,41.9,2340,4
2013,30,FarSouthwest,4.45,0,1
2013,30,North,72.3,4650,10
2013,30,Northwest,6.9,180,1
2013,30,South,9.25,420,1
2013,30,Southeast,7.46,240,1
2013,30,Southwest,10.05,60,1
2013,30,West,26.795,1470,4
2013,31,Central,310.7,21600,46
2013,31,FarNorth,41.475,2340,4
2013,31,FarSouthwest,3.45,60,1
2013,31,North,81.4,5280,12
2013,31,Northwest,7.25,180,1
2013,31,South,9.5,480,1
2013,31,Southeast,6.775,270,1
2013,31,Southwest,9.25,60,1
2013,31,West,27.2,1440,4
2013,32,Central,284.64,19320,43
2013,32,FarNorth,40.6,2340,4
2013,32,FarSouthwest,4.45,60,1
2013,32,North,72.3,4620,10
2013,32,Northwest,6.5,180,1
2013,32,South,8.875,480,1
2013,32,Southeast,5.35,90,1
2013,32,Southwest,10.3,60,1
2013,32,West,24.15,1320,4
2013,33,Central,276.075,18480,42
2013,33,FarNorth,39.95,2280,4
2013,33,FarSouthwest,6.85,60,1
2013,33,North,76.2,4920,11
2013,33,Northwest,6.85,180,1
2013,33,South,8.25,420,1
2013,33,Southeast,11.975,450,1
2013,33,Southwest,10.25,120,1
2013,33,West,24,1320,4
2013,34,Central,269.36,17820,41
2013,34,FarNorth,40.8,2400,4
2013,34,FarSouthwest,7.85,60,1
2013,34,North,68.8,4440,10
2013,34,Northwest,6.5,180,1
2013,34,South,9.75,480,1
2013,34,Southeast,11.25,540,1
2013,34,Southwest,11.55,180,1
2013,34,West,24.6,1380,4
2013,35,Central,274.94,18120,42
2013,35,FarNorth,40.55,2340,4
2013,35,FarSouthwest,10.65,360,1
2013,35,North,66.1,4200,9
2013,35,Northwest,7.1,240,1
2013,35,South,9.75,480,1
2013,35,Southeast,10.25,300,1
2013,35,Southwest,13.05,240,1
2013,35,West,27.325,1500,4
2013,36,Central,219.9,14340,33
2013,36,FarNorth,38.925,2280,4
2013,36,FarSouthwest,8.85,180,1
2013,36,North,72.3,4620,10
2013,36,Northwest,7.05,240,1
2013,36,South,10.075,540,1
2013,36,Southeast,9.4,390,1
2013,36,Southwest,11.75,360,1
2013,36,West,24.85,1320,4
2013,37,Central,296.7,20100,44
2013,37,FarNorth,40.925,2460,4
2013,37,FarSouthwest,8.65,300,1
2013,37,North,68.45,4380,10
2013,37,Northwest,6.5,240,1
2013,37,South,9.5,480,1
2013,37,Southeast,9.525,360,1
2013,37,Southwest,10.85,240,1
2013,37,West,31.24,1860,4
2013,38,Central,296.32,20040,45
2013,38,FarNorth,41.4,2460,4
2013,38,FarSouthwest,25.35,630,1
2013,38,North,67.3,4320,10
2013,38,Northwest,7.05,180,1
2013,38,South,9.65,480,1
2013,38,Southeast,7.85,240,1
2013,38,Southwest,12.3,240,1
2013,38,West,26.85,1500,4
2013,39,Central,294.95,20100,43
2013,39,FarNorth,41.6,2460,3
2013,39,FarSouthwest,9.45,360,1
2013,39,North,65.62,4260,9
2013,39,Northwest,7.65,240,1
2013,39,South,9.05,480,1
2013,39,Southeast,9.75,360,1
2013,39,Southwest,11.45,240,1
2013,39,West,24.8,1380,4
2013,40,Central,308.47,20460,46
2013,40,FarNorth,42.9,2580,4
2013,40,FarSouthwest,7.15,120,1
2013,40,North,63.05,3960,9
2013,40,Northwest,7.1,240,1
2013,40,South,9.45,480,1
2013,40,Southeast,9.15,360,1
2013,40,Southwest,11.25,180,1
2013,40,West,26.7,1500,4
2013,41,Central,319.79,22260,46
2013,41,FarNorth,42.2,2460,4
2013,41,FarSouthwest,4.25,60,1
2013,41,North,60.15,3840,9
2013,41,Northwest,6.85,180,1
2013,41,South,9.85,480,1
2013,41,Southeast,9.9,540,1
2013,41,Southwest,10.85,180,1
2013,41,West,25,1380,4
2013,42,Central,293.5,19620,44
2013,42,FarNorth,42.695,2580,4
2013,42,FarSouthwest,9,120,1
2013,42,North,64.825,4080,9
2013,42,Northwest,6.575,180,1
2013,42,South,9.65,480,1
2013,42,Southeast,7.375,180,1
2013,42,Southwest,11.05,300,1
2013,42,West,27.2,1500,4
2013,43,Central,295.35,19380,45
2013,43,FarNorth,44.095,2580,4
2013,43,FarSouthwest,15.15,60,1
2013,43,North,75.575,4920,11
2013,43,Northwest,6.775,240,1
2013,43,South,9.65,480,1
2013,43,Southeast,10.425,480,1
2013,43,Southwest,10.75,180,1
2013,43,West,28.55,1560,4
2013,44,Central,271,18060,41
2013,44,FarNorth,40.1,2340,4
2013,44,FarSouthwest,7.45,180,1
2013,44,North,74.8,4860,11
2013,44,Northwest,7,180,1
2013,44,South,9.475,480,1
2013,44,Southeast,13,600,1
2013,44,Southwest,11.3,240,1
2013,44,West,28,1560,4
2013,45,Central,307.53,20580,46
2013,45,FarNorth,40.5,2340,4
2013,45,FarSouthwest,9.65,180,1
2013,45,North,69.09,4260,10
2013,45,Northwest,7.45,240,1
2013,45,South,8.7,420,1
2013,45,Southeast,6.5,240,1
2013,45,Southwest,10.25,120,1
2013,45,West,28,1560,4
2013,46,Central,294.6,19740,45
2013,46,FarNorth,42.3,2460,4
2013,46,FarSouthwest,9.75,240,1
2013,46,North,69.65,4320,10
2013,46,Northwest,6.9,240,1
2013,46,South,9.45,480,1
2013,46,Southeast,12.225,720,1
2013,46,Southwest,11.25,240,1
2013,46,West,29.2,1620,4
2013,47,Central,296.765,20460,45
2013,47,FarNorth,41.5,2400,4
2013,47,FarSouthwest,8.5,300,1
2013,47,North,69,4320,10
2013,47,Northwest,6.65,180,1
2013,47,South,9.65,480,1
2013,47,Southeast,10.675,600,1
2013,47,Southwest,12.1,300,1
2013,47,West,27.6,1500,4
2013,48,Central,205.98,13620,31
2013,48,FarNorth,39.225,2220,3
2013,48,FarSouthwest,7.85,540,1
2013,48,North,51.95,3180,8
2013,48,Northwest,7.65,300,1
2013,48,South,9.9,480,1
2013,48,Southeast,9.295,420,1
2013,48,Southwest,13.475,480,1
2013,48,West,22.4,1200,3
2013,49,Central,356,24840,53
2013,49,FarNorth,42.8,2460,4
2013,49,FarSouthwest,5.25,60,1
2013,49,North,72.39,4680,11
2013,49,Northwest,6.7,240,1
2013,49,South,8.65,420,1
2013,49,Southeast,8.45,420,1
2013,49,Southwest,11.3,180,1
2013,49,West,29.4,1680,4
2013,50,Central,312.15,21540,48
2013,50,FarNorth,45.4,2730,4
2013,50,FarSouthwest,3.65,0,1
2013,50,North,80.63,5460,12
2013,50,Northwest,6.7,240,1
2013,50,South,10.1,540,1
2013,50,Southeast,13.25,420,1
2013,50,Southwest,11.55,240,1
2013,50,West,32.1,1860,5
2013,51,Central,285.34,19680,44
2013,51,FarNorth,43,2580,4
2013,51,FarSouthwest,7.45,60,1
2013,51,North,66.95,4320,10
2013,51,Northwest,6.85,240,1
2013,51,South,9.85,480,1
2013,51,Southeast,9.875,480,1
2013,51,Southwest,13,360,1
2013,51,West,30.2,1740,4
2013,52,Central,162.85,10800,25
2013,52,FarNorth,38.325,2220,3
2013,52,FarSouthwest,6.85,180,1
2013,52,North,50.3,3060,7
2013,52,Northwest,6.7,240,1
2013,52,South,9.95,540,1
2013,52,Southeast,9.9,420,1
2013,52,Southwest,13,420,1
2013,52,West,22.05,1200,3
2014,1,Central,189.17,12540,30
2014,1,FarNorth,42.5,2580,4
2014,1,FarSouthwest,6.45,180,1
2014,1,North,69.195,4740,10
2014,1,Northwest,6.7,300,1
2014,1,South,9.25,540,1
2014,1,Southeast,6.75,210,1
2014,1,Southwest,11,360,1
2014,1,West,26.65,1560,4
2014,2,Central,200.7,13260,32
2014,2,FarNorth,47.15,3000,4
2014,2,FarSouthwest,3.45,60,1
2014,2,North,74.15,5040,11
2014,2,Northwest,7.65,300,1
2014,2,South,9.85,540,1
2014,2,Southeast,9.1,420,1
2014,2,Southwest,11.75,300,1
2014,2,West,30.4,1920,4
2014,3,Central,249.5,16230,40
2014,3,FarNorth,42.1,2460,4
2014,3,FarSouthwest,5.05,120,1
2014,3,North,72.225,4800,11
2014,3,Northwest,6.5,120,1
2014,3,South,9.375,540,1
2014,3,Southeast,9.445,420,1
2014,3,Southwest,11.05,180,1
2014,3,West,30.2,1740,4
2014,4,Central,247.405,16140,39
2014,4,FarNorth,43.95,2700,4
2014,4,FarSouthwest,4.25,60,1
2014,4,North,73.15,4980,11
2014,4,Northwest,7.25,240,1
2014,4,South,8.85,480,1
2014,4,Southeast,9.45,540,1
2014,4,Southwest,11.375,120,1
2014,4,West,29.05,1680,4
2014,5,Central,235.455,15240,37
2014,5,FarNorth,41.3,2400,4
2014,5,FarSouthwest,5.55,0,1
2014,5,North,68.3,4560,10
2014,5,Northwest,6.65,240,1
2014,5,South,9.9,540,1
2014,5,Southeast,8.45,420,1
2014,5,Southwest,11.475,180,1
2014,5,West,28.6,1620,4
2014,6,Central,263.05,17640,41
2014,6,FarNorth,46.3,2880,4
2014,6,FarSouthwest,8.1,60,1
2014,6,North,71.64,4920,10
2014,6,Northwest,7.65,300,1
2014,6,South,9.75,540,1
2014,6,Southeast,10.7,480,1
2014,6,Southwest,11.35,180,1
2014,6,West,29.45,1740,4
2014,7,Central,290.33,19680,44
2014,7,FarNorth,44.02,2700,4
2014,7,FarSouthwest,7.35,330,1
2014,7,North,71.295,4680,10
2014,7,Northwest,6.85,240,1
2014,7,South,10.275,540,1
2014,7,Southeast,10.4,570,1
2014,7,Southwest,11.55,240,1
2014,7,West,30.05,1740,4
2014,8,Central,276.7,18840,42
2014,8,FarNorth,45.5,2820,4
2014,8,FarSouthwest,9.475,420,1
2014,8,North,70.9,4800,10
2014,8,Northwest,6.85,240,1
2014,8,South,9.375,540,1
2014,8,Southeast,9.3,420,1
2014,8,Southwest,11.45,300,1
2014,8,West,29.85,1740,4
2014,9,Central,279.5,18780,43
2014,9,FarNorth,45.65,2820,4
2014,9,FarSouthwest,9.89,300,1
2014,9,North,69.8,4740,10
2014,9,Northwest,6.5,240,1
2014,9,South,9.65,540,1
2014,9,Southeast,16.65,780,1
2014,9,Southwest,11.75,300,1
2014,9,West,29.825,1740,4
2014,10,Central,264.15,17640,41
2014,10,FarNorth,46.05,2820,4
2014,10,FarSouthwest,7.25,240,1
2014,10,North,65.95,4440,10
2014,10,Northwest,7.45,300,1
2014,10,South,10.275,540,1
2014,10,Southeast,7.65,390,1
2014,10,Southwest,11.55,300,1
2014,10,West,31.2,1860,5
2014,11,Central,310,21420,46
2014,11,FarNorth,44.25,2640,4
2014,11,FarSouthwest,7.85,480,1
2014,11,North,92.21,6720,13
2014,11,Northwest,7.775,300,1
2014,11,South,9.85,480,1
2014,11,Southeast,9.975,480,1
2014,11,Southwest,11.05,240,1
2014,11,West,32.625,1920,5
2014,12,Central,293.31,19680,44
2014,12,FarNorth,43.225,2520,4
2014,12,FarSouthwest,16.025,270,1
2014,12,North,64.3,4140,9
2014,12,Northwest,7.45,240,1
2014,12,South,10.85,540,1
2014,12,Southeast,7.25,420,1
2014,12,Southwest,11.75,300,1
2014,12,West,29.975,1740,4
2014,13,Central,280.8,18840,43
2014,13,FarNorth,43.295,2520,4
2014,13,FarSouthwest,8.25,210,1
2014,13,North,62,3900,9
2014,13,Northwest,7.05,240,1
2014,13,South,9.25,480,1
2014,13,Southeast,10.05,540,1
2014,13,Southwest,11.175,300,1
2014,13,West,27.275,1500,4
2014,14,Central,286.16,19380,43
2014,14,FarNorth,42.7,2460,4
2014,14,FarSouthwest,8.725,0,1
2014,14,North,74.345,4800,11
2014,14,Northwest,7.05,240,1
2014,14,South,9.3,480,1
2014,14,Southeast,6.05,180,1
2014,14,Southwest,11.55,240,1
2014,14,West,28.2,1560,4
2014,15,Central,277.075,18630,42
2014,15,FarNorth,41.1,2340,4
2014,15,FarSouthwest,4.35,60,1
2014,15,North,59.8,3840,9
2014,15,Northwest,6.875,240,1
2014,15,South,9.65,480,1
2014,15,Southeast,6.85,360,1
2014,15,Southwest,10.75,180,1
2014,15,West,25.2,1440,4
2014,16,Central,265.025,17760,40
2014,16,FarNorth,39.5,2340,4
2014,16,FarSouthwest,8.95,240,1
2014,16,North,57.4,3660,8
2014,16,Northwest,7.05,240,1
2014,16,South,9.1,480,1
2014,16,Southeast,6.875,120,1
2014,16,Southwest,9.85,300,1
2014,16,West,24.95,1380,4
2014,17,Central,270.5,18120,41
2014,17,FarNorth,40.75,2400,4
2014,17,FarSouthwest,6.5,30,1
2014,17,North,66.15,4380,10
2014,17,Northwest,6.5,240,1
2014,17,South,9.25,480,1
2014,17,Southeast,9.175,420,1
2014,17,Southwest,10.375,180,1
2014,17,West,27.875,1560,4
2014,18,Central,295.49,20040,44
2014,18,FarNorth,41.55,2460,4
2014,18,FarSouthwest,4.25,60,1
2014,18,North,65.85,4320,9
2014,18,Northwest,7.25,240,1
2014,18,South,9.25,480,1
2014,18,Southeast,9.3,390,1
2014,18,Southwest,11.525,300,1
2014,18,West,28.25,1620,4
2014,19,Central,272.15,18480,41
2014,19,FarNorth,42.1,2520,4
2014,19,FarSouthwest,5.775,60,1
2014,19,North,62.1,4020,9
2014,19,Northwest,6.65,240,1
2014,19,South,9.05,480,1
2014,19,Southeast,12.35,720,1
2014,19,Southwest,10.1,180,1
2014,19,West,26.6,1560,4
2014,20,Central,334.54,23220,49
2014,20,FarNorth,43.55,2580,4
2014,20,FarSouthwest,6.85,180,1
2014,20,North,68.775,4560,10
2014,20,Northwest,7.1,300,1
2014,20,South,8.05,420,1
2014,20,Southeast,5.75,90,1
2014,20,Southwest,9.8,180,1
2014,20,West,27.2,1560,4
2014,21,Central,309.45,21720,45
2014,21,FarNorth,42.475,2580,4
2014,21,FarSouthwest,5.875,60,1
2014,21,North,64,4200,9
2014,21,Northwest,6.9,240,1
2014,21,South,8.25,480,1
2014,21,Southeast,10.75,510,1
2014,21,Southwest,9.85,180,1
2014,21,West,26.6,1500,4
2014,22,Central,302.3,21240,43
2014,22,FarNorth,40.75,2460,4
2014,22,FarSouthwest,5.75,30,1
2014,22,North,68.695,4620,10
2014,22,Northwest,7.05,240,1
2014,22,South,8.975,480,1
2014,22,Southeast,9.075,390,1
2014,22,Southwest,10.3,180,1
2014,22,West,27,1620,4
2014,23,Central,301.405,21120,44
2014,23,FarNorth,41.75,2520,4
2014,23,FarSouthwest,12.45,60,1
2014,23,North,73.975,4980,10
2014,23,Northwest,6.7,240,1
2014,23,South,9.275,480,1
2014,23,Southeast,9.45,420,1
2014,23,Southwest,9.75,120,1
2014,23,West,26.1,1500,4
2014,24,Central,348.375,25260,50
2014,24,FarNorth,41.15,2460,4
2014,24,FarSouthwest,3.85,0,1
2014,24,North,64.05,4320,9
2014,24,Northwest,6.85,300,1
2014,24,South,8.575,480,1
2014,24,Southeast,6.575,240,1
2014,24,Southwest,9.75,180,1
2014,24,West,28,1680,4
2014,25,Central,308.8,21720,45
2014,25,FarNorth,43.15,2520,4
2014,25,FarSouthwest,7.675,270,1
2014,25,North,70,4680,10
2014,25,Northwest,6.575,240,1
2014,25,South,8.4,420,1
2014,25,Southeast,8.05,120,1
2014,25,Southwest,9.05,120,1
2014,25,West,27.17,1560,4
2014,26,Central,318.3,22740,46
2014,26,FarNorth,42.3,2580,4
2014,26,FarSouthwest,8.85,60,1
2014,26,North,69.8,4740,10
2014,26,Northwest,6.85,240,1
2014,26,South,9.25,480,1
2014,26,Southeast,6.5,240,1
2014,26,Southwest,9.25,120,1
2014,26,West,25.85,1440,4
2014,27,Central,249.86,17280,37
2014,27,FarNorth,37.55,2220,4
2014,27,FarSouthwest,5.05,60,1
2014,27,North,60.05,3780,9
2014,27,Northwest,7.075,240,1
2014,27,South,9.75,540,1
2014,27,Southeast,6.5,240,1
2014,27,Southwest,9.5,180,1
2014,27,West,24.8,1320,4
2014,28,Central,273.875,19530,41
2014,28,FarNorth,37.7,2220,3
2014,28,FarSouthwest,9.85,360,1
2014,28,North,63.15,4260,9
2014,28,Northwest,7.05,240,1
2014,28,South,9.45,540,1
2014,28,Southeast,10.2,570,1
2014,28,Southwest,11.05,180,1
2014,28,West,26.1,1500,4
2014,29,Central,293.925,21240,43
2014,29,FarNorth,38.9,2340,3
2014,29,FarSouthwest,6.675,150,1
2014,29,North,65.975,4530,9
2014,29,Northwest,7.05,300,1
2014,29,South,9.7,480,1
2014,29,Southeast,7.25,360,1
2014,29,Southwest,10.25,240,1
2014,29,West,25.85,1500,4
2014,30,Central,290.155,20880,42
2014,30,FarNorth,37.45,2220,3
2014,30,FarSouthwest,7.375,270,1
2014,30,North,65.775,4440,9
2014,30,Northwest,6.5,180,1
2014,30,South,9.25,480,1
2014,30,Southeast,12.25,420,1
2014,30,Southwest,9.875,180,1
2014,30,West,24.2,1380,4
2014,31,Central,308.225,22260,44
2014,31,FarNorth,39.65,2400,4
2014,31,FarSouthwest,5.65,60,1
2014,31,North,57.8,3840,8
2014,31,Northwest,6.85,240,1
2014,31,South,8.65,480,1
2014,31,Southeast,6.5,240,1
2014,31,Southwest,9.75,180,1
2014,31,West,24.4,1380,4
2014,32,Central,273.6,19200,40
2014,32,FarNorth,38.75,2280,3
2014,32,FarSouthwest,7.15,210,1
2014,32,North,60.83,4200,8
2014,32,Northwest,6.975,240,1
2014,32,South,9.65,480,1
2014,32,Southeast,7.85,360,1
2014,32,Southwest,9.75,180,1
2014,32,West,23,1260,4
2014,33,Central,281.625,19680,41
2014,33,FarNorth,39.05,2340,3
2014,33,FarSouthwest,3.85,60,1
2014,33,North,59.05,3960,8
2014,33,Northwest,7.05,240,1
2014,33,South,8.45,480,1
2014,33,Southeast,10.45,360,1
2014,33,Southwest,9.05,180,1
2014,33,West,25.15,1440,4
2014,34,Central,283.15,19800,42
2014,34,FarNorth,40.95,2460,4
2014,34,FarSouthwest,6.475,30,1
2014,34,North,62.5,4140,9
2014,34,Northwest,6.85,240,1
2014,34,South,8.45,420,1
2014,34,Southeast,4.65,90,1
2014,34,Southwest,8.5,120,1
2014,34,West,25.75,1500,4
2014,35,Central,275.1,19260,41
2014,35,FarNorth,37.925,2340,3
2014,35,FarSouthwest,6.65,150,1
2014,35,North,51.6,3240,7
2014,35,Northwest,7.1,240,1
2014,35,South,8.475,480,1
2014,35,Southeast,6.5,210,1
2014,35,Southwest,8.3,180,1
2014,35,West,28.05,1620,4
2014,36,Central,235.5,16020,35
2014,36,FarNorth,38.55,2340,4
2014,36,FarSouthwest,4.35,150,1
2014,36,North,59.05,3900,8
2014,36,Northwest,6.5,240,1
2014,36,South,9.45,480,1
2014,36,Southeast,9.675,360,1
2014,36,Southwest,8.05,120,1
2014,36,West,25.53,1440,4
2014,37,Central,324.75,23040,46
2014,37,FarNorth,40,2460,4
2014,37,FarSouthwest,4.25,60,1
2014,37,North,58.2,3960,8
2014,37,Northwest,7.05,300,1
2014,37,South,8.445,420,1
2014,37,Southeast,7.175,300,1
2014,37,Southwest,8.3,60,1
2014,37,West,31.645,1920,4
2014,38,Central,284.945,19560,43
2014,38,FarNorth,39.15,2340,4
2014,38,FarSouthwest,4.15,0,1
2014,38,North,56.525,3780,8
2014,38,Northwest,7.1,240,1
2014,38,South,9.45,480,1
2014,38,Southeast,4.65,0,1
2014,38,Southwest,8.3,120,1
2014,38,West,24.4,1380,4
2014,39,Central,272,18600,41
2014,39,FarNorth,37.9,2280,3
2014,39,FarSouthwest,5.15,0,1
2014,39,North,53,3480,8
2014,39,Northwest,6.875,180,1
2014,39,South,9.45,540,1
2014,39,Southeast,6.7,60,1
2014,39,Southwest,8.3,120,1
2014,39,West,25.225,1440,4
2014,40,Central,279.95,19200,42
2014,40,FarNorth,39.85,2400,4
2014,40,FarSouthwest,5.25,60,1
2014,40,North,49.135,3180,7
2014,40,Northwest,6.5,240,1
2014,40,South,8.65,480,1
2014,40,Southeast,7.05,360,1
2014,40,Southwest,8.5,120,1
2014,40,West,25.475,1440,4
2014,41,Central,296.93,20880,43
2014,41,FarNorth,40.7,2400,3
2014,41,FarSouthwest,3.25,0,1
2014,41,North,47.5,3060,7
2014,41,Northwest,7.05,240,1
2014,41,South,8.09,420,1
2014,41,Southeast,5.25,120,1
2014,41,Southwest,9.3,180,1
2014,41,West,24.15,1380,4
2014,42,Central,346.65,24960,50
2014,42,FarNorth,41.25,2520,4
2014,42,FarSouthwest,5.95,60,1
2014,42,North,53,3420,8
2014,42,Northwest,6.5,240,1
2014,42,South,8.25,480,1
2014,42,Southeast,6.9,180,1
2014,42,Southwest,8.05,120,1
2014,42,West,27.4,1560,4
2014,43,Central,276.125,19050,41
2014,43,FarNorth,39.95,2520,3
2014,43,FarSouthwest,6.5,60,1
2014,43,North,49.55,3180,7
2014,43,Northwest,6.65,240,1
2014,43,South,8.9,480,1
2014,43,Southeast,6.975,120,1
2014,43,Southwest,8.45,120,1
2014,43,West,24.975,1440,4
2014,44,Central,314.01,22200,45
2014,44,FarNorth,41.375,2460,4
2014,44,FarSouthwest,4.65,0,1
2014,44,North,64.65,4500,9
2014,44,Northwest,6.85,300,1
2014,44,South,8.5,480,1
2014,44,Southeast,6.8,360,1
2014,44,Southwest,8.65,120,1
2014,44,West,28.8,1680,4
2014,45,Central,317.28,22680,46
2014,45,FarNorth,39.975,2400,4
2014,45,FarSouthwest,4.15,90,1
2014,45,North,49.62,3180,7
2014,45,Northwest,7.25,300,1
2014,45,South,9.45,480,1
2014,45,Southeast,7.05,360,1
2014,45,Southwest,8.3,120,1
2014,45,West,25.45,1500,4
2014,46,Central,299.7,20880,45
2014,46,FarNorth,39.8,2400,4
2014,46,FarSouthwest,10.05,150,1
2014,46,North,50.93,3180,8
2014,46,Northwest,6.65,240,1
2014,46,South,9.1,480,1
2014,46,Southeast,6.45,240,1
2014,46,Southwest,8.5,120,1
2014,46,West,27.45,1620,4
2014,47,Central,306.96,21600,46
2014,47,FarNorth,39.05,2400,4
2014,47,FarSouthwest,6.275,30,1
2014,47,North,52.45,3420,8
2014,47,Northwest,6.65,240,1
2014,47,South,8.65,480,1
2014,47,Southeast,6.5,180,1
2014,47,Southwest,8.445,180,1
2014,47,West,27.4,1560,4
2014,48,Central,215.85,14700,33
2014,48,FarNorth,37.3,2280,3
2014,48,FarSouthwest,6.85,240,1
2014,48,North,37.2,2340,5
2014,48,Northwest,6.5,240,1
2014,48,South,9.2,480,1
2014,48,Southeast,7.45,300,1
2014,48,Southwest,9.05,180,1
2014,48,West,21.2,1200,3
2014,49,Central,371.2,26340,54
2014,49,FarNorth,40.15,2400,4
2014,49,FarSouthwest,5.35,90,1
2014,49,North,52.4,3420,8
2014,49,Northwest,6.65,240,1
2014,49,South,9.37,480,1
2014,49,Southeast,6.5,60,1
2014,49,Southwest,8.65,150,1
2014,49,West,27.6,1560,4
2014,50,Central,295.35,20280,45
2014,50,FarNorth,38.7,2280,4
2014,50,FarSouthwest,8.35,90,1
2014,50,North,56.15,3720,8
2014,50,Northwest,6.65,240,1
2014,50,South,8.65,480,1
2014,50,Southeast,9.5,300,1
2014,50,Southwest,8.5,120,1
2014,50,West,29.65,1680,4
2014,51,Central,317.16,22200,48
2014,51,FarNorth,36.7,2100,3
2014,51,FarSouthwest,6.05,60,1
2014,51,North,53.25,3360,8
2014,51,Northwest,6.85,300,1
2014,51,South,9.7,480,1
2014,51,Southeast,4.45,120,1
2014,51,Southwest,8.3,180,1
2014,51,West,28,1620,4
2014,52,Central,158.4,10620,25
2014,52,FarNorth,34.45,2040,3
2014,52,FarSouthwest,5.65,300,1
2014,52,North,30.85,1800,5
2014,52,Northwest,6.65,240,1
2014,52,South,10.9,540,1
2014,52,Southeast,6.5,180,1
2014,52,Southwest,9.875,300,1
2014,52,West,18.95,1020,3
2015,1,Central,92.45,5760,15
2015,1,FarNorth,26.4,1440,2
2015,1,FarSouthwest,5.05,120,1
2015,1,North,42.24,2580,6
2015,1,Northwest,6.7,300,1
2015,1,South,7.475,420,1
2015,1,Southeast,7.05,300,1
2015,1,Southwest,8.55,300,1
2015,1,West,16.35,900,2
2015,2,Central,221.05,14640,35
2015,2,FarNorth,43.4,2640,4
2015,2,FarSouthwest,4.25,60,1
2015,2,North,52.04,3420,8
2015,2,Northwest,6.7,240,1
2015,2,South,10.375,600,1
2015,2,Southeast,8.25,480,1
2015,2,Southwest,9.8,240,2
2015,2,West,27.245,1620,4
2015,3,Central,257.6,17040,40
2015,3,FarNorth,39.17,2340,4
2015,3,FarSouthwest,8.325,120,1
2015,3,North,52.8,3420,8
2015,3,Northwest,6.5,240,1
2015,3,South,9.75,540,1
2015,3,Southeast,9.15,210,1
2015,3,Southwest,9.75,180,2
2015,3,West,27.6,1560,4
2015,4,Central,240.025,15780,37
2015,4,FarNorth,37,2160,3
2015,4,FarSouthwest,5.975,30,1
2015,4,North,47.715,3000,7
2015,4,Northwest,6.85,240,1
2015,4,South,8.5,420,1
2015,4,Southeast,5.25,240,1
2015,4,Southwest,9.05,180,1
2015,4,West,24.375,1380,4
2015,5,Central,297.03,20520,43
2015,5,FarNorth,37.3,2220,4
2015,5,FarSouthwest,5.875,0,1
2015,5,North,47.5,3060,7
2015,5,Northwest,6.775,300,1
2015,5,South,9.45,480,1
2015,5,Southeast,6.6,180,1
2015,5,Southwest,9.75,120,1
2015,5,West,24.925,1380,4
2015,6,Central,237.87,16140,37
2015,6,FarNorth,46.95,3000,4
2015,6,FarSouthwest,3.65,60,1
2015,6,North,60.4,4140,9
2015,6,Northwest,7.25,360,1
2015,6,South,10.5,660,1
2015,6,Southeast,8.45,300,1
2015,6,Southwest,9.65,180,1
2015,6,West,31.6,1920,5
2015,7,Central,294.3,20280,45
2015,7,FarNorth,41.075,2460,4
2015,7,FarSouthwest,7.1,300,1
2015,7,North,50.85,3300,8
2015,7,Northwest,6.7,300,1
2015,7,South,9.7,540,1
2015,7,Southeast,7.85,390,1
2015,7,Southwest,9.65,240,1
2015,7,West,31.25,1860,5
2015,8,Central,264.775,17700,41
2015,8,FarNorth,43.15,2520,4
2015,8,FarSouthwest,9.85,300,1
2015,8,North,53.34,3360,8
2015,8,Northwest,6.85,300,1
2015,8,South,9.65,480,1
2015,8,Southeast,12.15,600,1
2015,8,Southwest,10.45,300,1
2015,8,West,29.745,1740,4
2015,9,Central,288.375,19500,44
2015,9,FarNorth,44.95,2760,4
2015,9,FarSouthwest,11.65,360,1
2015,9,North,52.5,3540,8
2015,9,Northwest,7.25,360,1
2015,9,South,9.9,540,1
2015,9,Southeast,6.775,240,1
2015,9,Southwest,9.75,180,1
2015,9,West,30.25,1800,4
2015,10,Central,280.15,19200,42
2015,10,FarNorth,44.95,2760,4
2015,10,FarSouthwest,7.275,300,1
2015,10,North,48.775,3120,7
2015,10,Northwest,7.05,300,1
2015,10,South,10.05,540,1
2015,10,Southeast,8.25,420,1
2015,10,Southwest,10.05,240,1
2015,10,West,27.6,1620,4
2015,11,Central,278.2,19440,41
2015,11,FarNorth,41.65,2520,4
2015,11,FarSouthwest,9.65,240,1
2015,11,North,64.65,4680,9
2015,11,Northwest,7.05,300,1
2015,11,South,8.9,480,1
2015,11,Southeast,7.85,300,1
2015,11,Southwest,9.85,180,1
2015,11,West,27.65,1620,4
2015,12,Central,284.9,19440,42
2015,12,FarNorth,40.3,2400,4
2015,12,FarSouthwest,6.5,90,1
2015,12,North,46.6,2940,7
2015,12,Northwest,6.5,240,1
2015,12,South,9.05,480,1
2015,12,Southeast,8.075,330,1
2015,12,Southwest,9.75,180,1
2015,12,West,26.925,1560,4
2015,13,Central,296.835,20640,44
2015,13,FarNorth,42.025,2520,4
2015,13,FarSouthwest,3.25,0,1
2015,13,North,43.35,2700,7
2015,13,Northwest,6.675,300,1
2015,13,South,8.45,480,1
2015,13,Southeast,7.45,300,1
2015,13,Southwest,9.7,180,1
2015,13,West,25.77,1440,4
2015,14,Central,235.53,15900,35
2015,14,FarNorth,37.05,2220,3
2015,14,FarSouthwest,7.65,60,1
2015,14,North,38.85,2400,6
2015,14,Northwest,6.875,240,1
2015,14,South,9.9,540,1
2015,14,Southeast,10.4,450,1
2015,14,Southwest,9.7,240,1
2015,14,West,22.55,1260,3
2015,15,Central,260.52,18120,39
2015,15,FarNorth,39.15,2280,3
2015,15,FarSouthwest,11.2,300,1
2015,15,North,42.35,2640,6
2015,15,Northwest,6.65,300,1
2015,15,South,8.45,480,1
2015,15,Southeast,8.05,390,1
2015,15,Southwest,8.5,180,1
2015,15,West,24.25,1320,4
2015,16,Central,311.885,22380,45
2015,16,FarNorth,40.75,2460,3
2015,16,FarSouthwest,4.65,60,1
2015,16,North,50.1,3360,7
2015,16,Northwest,7.25,300,1
2015,16,South,8.5,420,1
2015,16,Southeast,9.95,180,1
2015,16,Southwest,9.75,180,1
2015,16,West,25.17,1440,4
2015,17,Central,274.875,19140,41
2015,17,FarNorth,39.5,2370,3
2015,17,FarSouthwest,9.55,60,1
2015,17,North,43.125,2760,6
2015,17,Northwest,6.5,240,1
2015,17,South,8.9,420,1
2015,17,Southeast,10.875,300,1
2015,17,Southwest,9.675,180,1
2015,17,West,24.525,1440,4
2015,18,Central,259.75,18180,39
2015,18,FarNorth,38.745,2400,3
2015,18,FarSouthwest,14.15,210,1
2015,18,North,50.975,3360,7
2015,18,Northwest,6.65,240,1
2015,18,South,9.25,480,1
2015,18,Southeast,6.9,240,1
2015,18,Southwest,10.05,240,1
2015,18,West,23.4,1320,3
2015,19,Central,296.05,21180,42
2015,19,FarNorth,40.4,2400,3
2015,19,FarSouthwest,6.5,30,1
2015,19,North,39.05,2460,6
2015,19,Northwest,6.875,240,1
2015,19,South,8.05,420,1
2015,19,Southeast,7.95,360,1
2015,19,Southwest,9.25,240,1
2015,19,West,23.425,1380,3
2015,20,Central,310.025,22320,44
2015,20,FarNorth,39.4,2340,3
2015,20,FarSouthwest,13.9,840,1
2015,20,North,50.365,3300,7
2015,20,Northwest,6.7,300,1
2015,20,South,7.85,420,1
2015,20,Southeast,6.45,180,1
2015,20,Southwest,9.45,120,1
2015,20,West,24.1,1380,4
2015,21,Central,290.05,20940,41
2015,21,FarNorth,39.5,2400,3
2015,21,FarSouthwest,11.65,360,1
2015,21,North,42,2700,6
2015,21,Northwest,6.9,300,1
2015,21,South,9.45,480,1
2015,21,Southeast,5.95,150,1
2015,21,Southwest,9.75,240,1
2015,21,West,24.35,1440,4
2015,22,Central,302.7,22320,42
2015,22,FarNorth,38.15,2280,3
2015,22,FarSouthwest,10.9,840,1
2015,22,North,54.55,3720,8
2015,22,Northwest,6.5,240,1
2015,22,South,8.65,420,1
2015,22,Southeast,6.975,300,1
2015,22,Southwest,9.1,180,1
2015,22,West,22.75,1320,4
2015,23,Central,291.8,21240,41
2015,23,FarNorth,38.5,2340,3
2015,23,FarSouthwest,10.925,240,1
2015,23,North,44.95,3000,6
2015,23,Northwest,6.5,300,1
2015,23,South,9.675,480,1
2015,23,Southeast,5.85,120,1
2015,23,Southwest,9.44,180,1
2015,23,West,21.35,1260,3
2015,24,Central,307.095,22860,43
2015,24,FarNorth,41.09,2520,4
2015,24,FarSouthwest,8.675,60,1
2015,24,North,53.5,3720,7
2015,24,Northwest,6.5,240,1
2015,24,South,8.45,420,1
2015,24,Southeast,6.6,180,1
2015,24,Southwest,8.85,120,1
2015,24,West,24.2,1440,4
2015,25,Central,289.6,20940,42
2015,25,FarNorth,41.75,2580,4
2015,25,FarSouthwest,10.825,180,1
2015,25,North,46.39,3060,7
2015,25,Northwest,6.5,240,1
2015,25,South,7.75,360,1
2015,25,Southeast,7.575,420,1
2015,25,Southwest,9.05,180,1
2015,25,West,25.85,1560,4
2015,26,Central,258.9,18720,37
2015,26,FarNorth,39.3,2520,3
2015,26,FarSouthwest,4.85,60,1
2015,26,North,42.775,2880,6
2015,26,Northwest,6.5,240,1
2015,26,South,7.45,360,1
2015,26,Southeast,6.85,150,1
2015,26,Southwest,9.05,240,1
2015,26,West,21.35,1260,3
2015,27,Central,264.225,19800,37
2015,27,FarNorth,35.8,2100,3
2015,27,FarSouthwest,3.65,30,1
2015,27,North,42.675,2760,6
2015,27,Northwest,6.5,240,1
2015,27,South,9.025,420,1
2015,27,Southeast,8.35,330,1
2015,27,Southwest,9.175,180,1
2015,27,West,21.1,1140,3
2015,28,Central,266.65,19800,38
2015,28,FarNorth,34.5,2040,3
2015,28,FarSouthwest,6.7,0,1
2015,28,North,42.9,2820,6
2015,28,Northwest,6.5,240,1
2015,28,South,8.675,420,1
2015,28,Southeast,9.3,360,1
2015,28,Southwest,9.25,180,1
2015,28,West,19.95,1140,3
2015,29,Central,248.15,18060,35.5
2015,29,FarNorth,35.125,2100,3
2015,29,FarSouthwest,6.25,60,1
2015,29,North,33.65,2100,5
2015,29,Northwest,6.65,240,1
2015,29,South,8.44,360,1
2015,29,Southeast,13.45,840,1
2015,29,Southwest,8.65,180,1
2015,29,West,21.35,1200,3
2015,30,Central,252.25,18300,36
2015,30,FarNorth,38.05,2220,3
2015,30,FarSouthwest,4.05,60,1
2015,30,North,40.54,2640,6
2015,30,Northwest,6.65,180,1
2015,30,South,7.75,360,1
2015,30,Southeast,7.15,270,1
2015,30,Southwest,8.5,120,1
2015,30,West,20.75,1200,3
2015,31,Central,272.05,20700,39
2015,31,FarNorth,37.275,2220,3
2015,31,FarSouthwest,6.45,60,1
2015,31,North,40.4,2640,6
2015,31,Northwest,6.85,240,1
2015,31,South,8.85,420,1
2015,31,Southeast,7.65,420,1
2015,31,Southwest,9.075,210,1
2015,31,West,22.4,1320,3
2015,32,Central,247.01,17640,36
2015,32,FarNorth,38.52,2280,3
2015,32,FarSouthwest,8.85,60,1
2015,32,North,43.75,2940,6
2015,32,Northwest,6.85,300,1
2015,32,South,8.25,360,1
2015,32,Southeast,10.1,390,1
2015,32,Southwest,8.5,120,1
2015,32,West,20.75,1200,3
2015,33,Central,254,18120,38
2015,33,FarNorth,39.3,2340,3
2015,33,FarSouthwest,3.55,0,1
2015,33,North,40.25,2700,6
2015,33,Northwest,6.65,300,1
2015,33,South,8.44,360,1
2015,33,Southeast,7.175,300,1
2015,33,Southwest,9.75,240,1
2015,33,West,20.55,1200,3
2015,34,Central,259.76,18180,38
2015,34,FarNorth,38.3,2340,3
2015,34,FarSouthwest,8.1,180,1
2015,34,North,42.5,2760,6
2015,34,Northwest,6.65,240,1
2015,34,South,8.65,480,1
2015,34,Southeast,6.9,180,1
2015,34,Southwest,8.3,120,1
2015,34,West,21.6,1260,3
2015,35,Central,224.665,15660,33.5
2015,35,FarNorth,36.5,2280,3
2015,35,FarSouthwest,7.35,180,1
2015,35,North,38.05,2460,5
2015,35,Northwest,6.65,240,1
2015,35,South,8.9,480,1
2015,35,Southeast,6.5,300,1
2015,35,Southwest,9.7,180,1
2015,35,West,19.95,1140,3
2015,36,Central,243,17160,36
2015,36,FarNorth,36.7,2220,3
2015,36,FarSouthwest,4.05,60,1
2015,36,North,37.7,2460,5
2015,36,Northwest,6.5,240,1
2015,36,South,9.7,540,1
2015,36,Southeast,6.85,390,1
2015,36,Southwest,8.85,240,1
2015,36,West,21.175,1200,3
2015,37,Central,229.8,16080,34
2015,37,FarNorth,38.55,2340,3
2015,37,FarSouthwest,6.25,120,1
2015,37,North,38.9,2520,5
2015,37,Northwest,6.85,300,1
2015,37,South,8.65,480,1
2015,37,Southeast,9.05,420,1
2015,37,Southwest,8.5,240,1
2015,37,West,23.15,1380,3
2015,38,Central,291.4,22200,40
2015,38,FarNorth,40.3,2460,3
2015,38,FarSouthwest,4.65,120,1
2015,38,North,39.6,2700,6
2015,38,Northwest,6.5,240,1
2015,38,South,8.65,480,1
2015,38,Southeast,6.5,300,1
2015,38,Southwest,8.85,180,1
2015,38,West,21.375,1320,3
2015,39,Central,228.45,15960,34
2015,39,FarNorth,37.5,2280,3
2015,39,FarSouthwest,6.45,60,1
2015,39,North,41.1,2760,6
2015,39,Northwest,6.475,240,1
2015,39,South,8.45,420,1
2015,39,Southeast,8.475,240,1
2015,39,Southwest,8.775,180,1
2015,39,West,19.3,1140,3
2015,40,Central,283.6,19980,41
2015,40,FarNorth,38.75,2340,3
2015,40,FarSouthwest,9.45,0,1
2015,40,North,32.45,2040,5
2015,40,Northwest,6.5,240,1
2015,40,South,8.05,420,1
2015,40,Southeast,7.775,270,1
2015,40,Southwest,8.5,120,1
2015,40,West,19.9,1140,3
2015,41,Central,259.15,18810,37
2015,41,FarNorth,37.045,2280,3
2015,41,FarSouthwest,6.25,60,1
2015,41,North,33.65,2100,5
2015,41,Northwest,6.85,300,1
2015,41,South,8.45,420,1
2015,41,Southeast,10.05,510,1
2015,41,Southwest,8.5,120,1
2015,41,West,19.75,1140,3
2015,42,Central,265.5,18900,38
2015,42,FarNorth,39.3,2400,3
2015,42,FarSouthwest,5.25,60,1
2015,42,North,39.55,2640,5
2015,42,Northwest,6.85,300,1
2015,42,South,8.05,420,1
2015,42,Southeast,9.05,360,1
2015,42,Southwest,8.5,180,1
2015,42,West,21.25,1200,3
2015,43,Central,258.24,18360,37
2015,43,FarNorth,37.3,2280,3
2015,43,FarSouthwest,17.35,60,1
2015,43,North,34.975,2220,5
2015,43,Northwest,7.25,300,1
2015,43,South,8.65,420,1
2015,43,Southeast,9.95,300,1
2015,43,Southwest,9.65,240,1
2015,43,West,20.55,1200,3
2015,44,Central,231.51,16260,34
2015,44,FarNorth,38.35,2340,3
2015,44,FarSouthwest,7.05,180,1
2015,44,North,40.55,2700,6
2015,44,Northwest,7.3,300,1
2015,44,South,7.55,360,1
2015,44,Southeast,6.5,90,1
2015,44,Southwest,9.05,240,1
2015,44,West,23.2,1380,3
2015,45,Central,257.035,18360,37
2015,45,FarNorth,37.9,2340,3
2015,45,FarSouthwest,8.1,540,1
2015,45,North,30.45,1920,4
2015,45,Northwest,6.7,240,1
2015,45,South,8.3,420,1
2015,45,Southeast,7.85,420,1
2015,45,Southwest,8.5,180,1
2015,45,West,20.55,1200,3
2015,46,Central,257.45,18420,37
2015,46,FarNorth,38.35,2340,3
2015,46,FarSouthwest,5.45,180,1
2015,46,North,30.05,1860,4
2015,46,Northwest,6.5,240,1
2015,46,South,7.85,420,1
2015,46,Southeast,6.5,180,1
2015,46,Southwest,8.5,180,1
2015,46,West,19.75,1140,3
2015,47,Central,256.5,18120,38
2015,47,FarNorth,38.95,2400,3
2015,47,FarSouthwest,6.35,90,1
2015,47,North,30.65,1920,5
2015,47,Northwest,6.65,300,1
2015,47,South,8.05,360,1
2015,47,Southeast,6.5,180,1
2015,47,Southwest,9.05,240,1
2015,47,West,21.35,1260,3
2015,48,Central,172.1,11700,25
2015,48,FarNorth,34.25,2100,3
2015,48,FarSouthwest,5.25,60,1
2015,48,North,24.4,1500,4
2015,48,Northwest,6.575,300,1
2015,48,South,9.25,480,1
2015,48,Southeast,6.85,240,1
2015,48,Southwest,9.45,300,1
2015,48,West,16.9,960,2
2015,49,Central,316.415,23040,45
2015,49,FarNorth,36.3,2220,3
2015,49,FarSouthwest,8.525,120,1
2015,49,North,33.45,2160,5
2015,49,Northwest,7.05,300,1
2015,49,South,8.65,420,1
2015,49,Southeast,8.95,390,1
2015,49,Southwest,8.615,90,1
2015,49,West,21.4,1260,3
2015,50,Central,259.825,18360,39
2015,50,FarNorth,34.7,2100,3
2015,50,FarSouthwest,4.45,60,1
2015,50,North,35.25,2340,5
2015,50,Northwest,6.875,300,1
2015,50,South,7.85,420,1
2015,50,Southeast,7.35,390,1
2015,50,Southwest,9.1,120,1
2015,50,West,21.95,1320,3
2015,51,Central,278.775,19560,42
2015,51,FarNorth,33.625,1980,3
2015,51,FarSouthwest,6.75,150,1
2015,51,North,36.1,2220,5
2015,51,Northwest,6.65,300,1
2015,51,South,8.25,420,1
2015,51,Southeast,10.45,540,1
2015,51,Southwest,9.75,180,1
2015,51,West,23.95,1380,4
2015,52,Central,153.9,10620,24
2015,52,FarNorth,30.85,1740,3
2015,52,FarSouthwest,13.525,690,1
2015,52,North,20.55,1140,3
2015,52,Northwest,7.575,360,1
2015,52,South,9.25,480,1
2015,52,Southeast,9.75,600,1
2015,52,Southwest,11.45,360,1
2015,52,West,15.725,900,2
2015,53,Central,132.2,9600,20
2015,53,FarNorth,27.75,1620,2
2015,53,FarSouthwest,3.65,0,1
2015,53,North,18.35,1140,3
2015,53,Northwest,6.5,240,1
2015,53,South,8.15,480,1
2015,53,Southeast,9.275,450,1
2015,53,Southwest,9.65,300,1
2015,53,West,14.7,840,2
2016,1,Central,197.6,12120,29
2016,1,FarNorth,38.125,1920,3
2016,1,FarSouthwest,7.875,120,1
2016,1,North,32.25,1800,4
2016,1,Northwest,6.75,180,1
2016,1,South,10.25,480,1
2016,1,Southeast,11.75,420,1
2016,1,Southwest,9.75,180,1
2016,1,West,21.25,1140,3
2016,2,Central,242.5,15300,35
2016,2,FarNorth,39.25,2100,3
2016,2,FarSouthwest,6.875,0,1
2016,2,North,33.65,1920,5
2016,2,Northwest,7.5,300,1
2016,2,South,9.75,480,1
2016,2,Southeast,9.5,300,1
2016,2,Southwest,9.25,150,1
2016,2,West,23.5,1320,3
2016,3,Central,223,13740,33
2016,3,FarNorth,37.875,1980,3
2016,3,FarSouthwest,12.25,210,1
2016,3,North,32,1800,4
2016,3,Northwest,7.25,240,1
2016,3,South,8.5,420,1
2016,3,Southeast,11.5,600,1
2016,3,Southwest,9,120,1
2016,3,West,22.25,1140,3
2016,4,Central,216.25,13500,32
2016,4,FarNorth,38.5,1920,3
2016,4,FarSouthwest,8,120,1
2016,4,North,31.25,1800,4
2016,4,Northwest,7.25,300,1
2016,4,South,9.5,420,1
2016,4,Southeast,6.125,240,1
2016,4,Southwest,9.5,120,1
2016,4,West,20.75,1140,3
2016,5,Central,216.625,13440,32
2016,5,FarNorth,37.5,1860,3
2016,5,FarSouthwest,12.5,60,1
2016,5,North,30,1680,4
2016,5,Northwest,7.25,300,1
2016,5,South,10.5,540,1
2016,5,Southeast,8.5,480,1
2016,5,Southwest,9.25,180,1
2016,5,West,20.5,1080,3
2016,6,Central,279.25,17880,40
2016,6,FarNorth,37.75,1920,3
2016,6,FarSouthwest,6.625,270,1
2016,6,North,33,1860,5
2016,6,Northwest,8.5,360,1
2016,6,South,10,480,1
2016,6,Southeast,10.875,480,1
2016,6,Southwest,10,180,1
2016,6,West,23.25,1260,3
2016,7,Central,235.25,15000,33
2016,7,FarNorth,39.625,2070,3
2016,7,FarSouthwest,14.25,600,1
2016,7,North,35.75,2040,5
2016,7,Northwest,7,240,1
2016,7,South,10,480,1
2016,7,Southeast,10.125,540,1
2016,7,Southwest,10.25,120,1
2016,7,West,24.5,1380,3
2016,8,Central,265.75,16740,37
2016,8,FarNorth,39.25,2040,3
2016,8,FarSouthwest,13.375,510,1
2016,8,North,31.25,1800,4
2016,8,Northwest,7.5,240,1
2016,8,South,11,540,1
2016,8,Southeast,8.25,240,1
2016,8,Southwest,10,240,1
2016,8,West,23.25,1260,3
2016,9,Central,271.375,17160,37
2016,9,FarNorth,41,2160,3
2016,9,FarSouthwest,4.5,150,1
2016,9,North,33,1860,4
2016,9,Northwest,7.25,300,1
2016,9,South,12,570,1
2016,9,Southeast,11,480,1
2016,9,Southwest,10,240,1
2016,9,West,22,1140,3
2016,10,Central,286.75,18810,39
2016,10,FarNorth,41,2220,3
2016,10,FarSouthwest,5.75,120,1
2016,10,North,43.25,2820,6
2016,10,Northwest,7,300,1
2016,10,South,9.75,480,1
2016,10,Southeast,10,360,1
2016,10,Southwest,9,120,1
2016,10,West,24.25,1320,3
2016,11,Central,264.25,16740,37
2016,11,FarNorth,41.5,2160,3
2016,11,FarSouthwest,20.625,480,1
2016,11,North,35,2040,5
2016,11,Northwest,7.5,300,1
2016,11,South,10.25,480,1
2016,11,Southeast,10.75,540,1
2016,11,Southwest,9.75,120,1
2016,11,West,24,1260,3
2016,12,Central,266.25,17220,37
2016,12,FarNorth,38,1980,3
2016,12,FarSouthwest,10.75,300,1
2016,12,North,27.75,1560,4
2016,12,Northwest,7.25,240,1
2016,12,South,9.5,420,1
2016,12,Southeast,12.5,480,1
2016,12,Southwest,9.375,120,1
2016,12,West,21.5,1200,3
2016,13,Central,288.625,19380,38
2016,13,FarNorth,39,1980,3
2016,13,FarSouthwest,8.65,180,1
2016,13,North,31,1800,4
2016,13,Northwest,7,240,1
2016,13,South,9.75,480,1
2016,13,Southeast,12.5,600,1
2016,13,Southwest,9.5,90,1
2016,13,West,22.5,1200,3
2016,14,Central,284.125,18510,40
2016,14,FarNorth,39.75,2100,3
2016,14,FarSouthwest,7,300,1
2016,14,North,31.75,1800,4
2016,14,Northwest,7.25,240,1
2016,14,South,9.25,480,1
2016,14,Southeast,11,360,1
2016,14,Southwest,9.75,180,1
2016,14,West,23.75,1320,3
2016,15,Central,251.25,16200,35
2016,15,FarNorth,40,2100,3
2016,15,FarSouthwest,4,60,1
2016,15,North,38.75,2400,5
2016,15,Northwest,6.75,240,1
2016,15,South,10,480,1
2016,15,Southeast,13.25,660,1
2016,15,Southwest,9.25,120,1
2016,15,West,20.75,1140,3
2016,16,Central,268.625,17580,36
2016,16,FarNorth,40.5,2160,3
2016,16,FarSouthwest,10.625,180,1
2016,16,North,28,1620,4
2016,16,Northwest,7,240,1
2016,16,South,9.5,480,1
2016,16,Southeast,6.5,240,1
2016,16,Southwest,9.75,180,1
2016,16,West,20.25,1080,3
2016,17,Central,277.125,18540,39
2016,17,FarNorth,38.5,2100,3
2016,17,FarSouthwest,3.25,0,1
2016,17,North,32.475,1920,4
2016,17,Northwest,6.75,300,1
2016,17,South,10.5,480,1
2016,17,Southeast,7,270,1
2016,17,Southwest,9.75,120,1
2016,17,West,21,1140,3
2016,18,Central,250.5,16200,35
2016,18,FarNorth,38.5,2100,3
2016,18,FarSouthwest,6.5,180,1
2016,18,North,34.25,2100,4
2016,18,Northwest,7.375,300,1
2016,18,South,10.25,480,1
2016,18,Southeast,11.75,600,1
2016,18,Southwest,8.75,120,1
2016,18,West,20.75,1140,3
2016,19,Central,298,19920,41
2016,19,FarNorth,38.5,1980,3
2016,19,FarSouthwest,4.25,60,1
2016,19,North,36.25,2340,5
2016,19,Northwest,7.5,240,1
2016,19,South,10.25,540,1
2016,19,Southeast,8.875,270,1
2016,19,Southwest,9.125,120,1
2016,19,West,21,1080,3
2016,20,Central,299.5,20220,40
2016,20,FarNorth,39.875,2040,3
2016,20,FarSouthwest,6.5,0,1
2016,20,North,30.25,1800,4
2016,20,Northwest,7.25,240,1
2016,20,South,10.25,540,1
2016,20,Southeast,11.25,420,1
2016,20,Southwest,9.375,120,1
2016,20,West,19.25,1020,3
2016,21,Central,302.25,21180,39
2016,21,FarNorth,38,1980,3
2016,21,FarSouthwest,10.875,270,1
2016,21,North,33.75,2100,4
2016,21,Northwest,6.75,240,1
2016,21,South,10,480,1
2016,21,Southeast,11.25,420,1
2016,21,Southwest,8.75,120,1
2016,21,West,20.5,1140,3
2016,22,Central,293.375,20130,37
2016,22,FarNorth,37.75,1980,3
2016,22,FarSouthwest,7,60,1
2016,22,North,35,2280,4
2016,22,Northwest,7,300,1
2016,22,South,10.5,540,1
2016,22,Southeast,9.75,120,1
2016,22,Southwest,8.75,180,1
2016,22,West,20.625,1140,3
2016,23,Central,324,23280,42
2016,23,FarNorth,38.25,2040,3
2016,23,FarSouthwest,3.25,0,1
2016,23,North,33,1980,4
2016,23,Northwest,6.75,180,1
2016,23,South,9,480,1
2016,23,Southeast,8.875,330,1
2016,23,Southwest,8.75,120,1
2016,23,West,21.75,1260,3
2016,24,Central,289,20160,39
2016,24,FarNorth,37.755,2040,3
2016,24,FarSouthwest,7.75,150,1
2016,24,North,34.25,2100,4
2016,24,Northwest,7.625,270,1
2016,24,South,9.25,420,1
2016,24,Southeast,6.75,360,1
2016,24,Southwest,8.75,120,1
2016,24,West,21.25,1200,3
2016,25,Central,282.125,19620,37
2016,25,FarNorth,38.5,1980,3
2016,25,FarSouthwest,6.875,4.5,1
2016,25,North,36.75,2263,5
2016,25,Northwest,8,240,1
2016,25,South,9.75,362,1
2016,25,Southeast,8.5,420,1
2016,25,Southwest,8.75,120,1
2016,25,West,20,1020,3
2016,26,Central,232.75,16080,31
2016,26,FarNorth,33.75,1740,3
2016,26,FarSouthwest,8.125,63,1
2016,26,North,25.75,1500,3
2016,26,Northwest,7.75,214.5,1
2016,26,South,10.5,360,1
2016,26,Southeast,9.375,390,1
2016,26,Southwest,8.75,120,1
2016,26,West,18.75,960,3
2016,27,Central,213,14400,29
2016,27,FarNorth,34.5,1740,3
2016,27,FarSouthwest,4.5,120,1
2016,27,North,30.625,1740,4
2016,27,Northwest,6.75,210,1
2016,27,South,10,360,1
2016,27,Southeast,11.25,480,1
2016,27,Southwest,9,120,1
2016,27,West,18.75,983,3
2016,28,Central,268,18540,36
2016,28,FarNorth,37.75,1980,3
2016,28,FarSouthwest,5.875,90,1
2016,28,North,29.5,1740,4
2016,28,Northwest,7,180,1
2016,28,South,9.75,337.5,1
2016,28,Southeast,6,180,1
2016,28,Southwest,8.75,120,1
2016,28,West,21.75,1200,3
2016,29,Central,300.875,21360,40
2016,29,FarNorth,37.75,1980,3
2016,29,FarSouthwest,7.75,120,1
2016,29,North,29.75,1740,4
2016,29,Northwest,7.25,300,1
2016,29,South,9.375,420,1
2016,29,Southeast,13.5,780,1
2016,29,Southwest,9,240,1
2016,29,West,19.5,1047,3
2016,30,Central,279.5,20520,36
2016,30,FarNorth,36.5,1920,3
2016,30,FarSouthwest,3.25,60,1
2016,30,North,33.5,2040,4
2016,30,Northwest,7.125,300,1
2016,30,South,8.25,420,1
2016,30,Southeast,9.25,660,1
2016,30,Southwest,8.75,180,1
2016,30,West,20.75,1200,3
2016,31,Central,245.25,16680,33
2016,31,FarNorth,34,1800,3
2016,31,FarSouthwest,5.5,120,1
2016,31,North,27.25,1680,4
2016,31,Northwest,6.875,300,1
2016,31,South,9.25,480,1
2016,31,Southeast,10,480,1
2016,31,Southwest,8.75,180,1
2016,31,West,18.75,1020,3
2016,32,Central,254.25,17400,35
2016,32,FarNorth,35.5,1860,3
2016,32,FarSouthwest,3.25,0,1
2016,32,North,33.75,2160,4
2016,32,Northwest,6.5,210,1
2016,32,South,10.35,540,1
2016,32,Southeast,7.25,300,1
2016,32,Southwest,8.75,150,1
2016,32,West,19,1020,3
2016,33,Central,250,16770,34
2016,33,FarNorth,35.25,1860,3
2016,33,FarSouthwest,25.25,0,1
2016,33,North,31.75,1980,4
2016,33,Northwest,7,240,1
2016,33,South,9.25,420,1
2016,33,Southeast,11,660,1
2016,33,Southwest,8.75,120,1
2016,33,West,19,1020,3
2016,34,Central,221.75,14880,31
2016,34,FarNorth,36.75,1980,3
2016,34,FarSouthwest,3.875,109,1
2016,34,North,27.75,1740,4
2016,34,Northwest,7.25,240,1
2016,34,South,9.75,420,1
2016,34,Southeast,15.75,780,1
2016,34,Southwest,9,120,1
2016,34,West,18.75,1020,3
2016,35,Central,212.375,14070,29
2016,35,FarNorth,35.375,1860,3
2016,35,FarSouthwest,3.5,60,1
2016,35,North,30.5,1860,4
2016,35,Northwest,6.5,180,1
2016,35,South,10.5,540,1
2016,35,Southeast,10,240,1
2016,35,Southwest,8.75,180,1
2016,35,West,19.5,1020,3
2016,36,Central,197.5,13080,28
2016,36,FarNorth,36.25,1920,3
2016,36,FarSouthwest,13.125,120,1
2016,36,North,22.75,1320,3
2016,36,Northwest,7.25,240,1
2016,36,South,10.25,480,1
2016,36,Southeast,12,660,1
2016,36,Southwest,8.75,240,1
2016,36,West,16.375,900,2
2016,37,Central,194,13380,25
2016,37,FarNorth,33.25,1740,2
2016,37,FarSouthwest,9.75,210,1
2016,37,North,23.75,1500,3
2016,37,Northwest,6.5,180,1
2016,37,South,9.25,480,1
2016,37,Southeast,10,540,1
2016,37,Southwest,8.625,240,1
2016,37,West,19.125,1080,2
2016,38,Central,261.25,18000,35
2016,38,FarNorth,38.25,2100,3
2016,38,FarSouthwest,7,120,1
2016,38,North,30.75,1860,4
2016,38,Northwest,6.5,240,1
2016,38,South,10.25,540,1
2016,38,Southeast,10.125,570,1
2016,38,Southwest,8.75,120,1
2016,38,West,18.5,1020,3
2016,39,Central,246.25,17100,34
2016,39,FarNorth,38,2100,3
2016,39,FarSouthwest,7.625,420,1
2016,39,North,24,1380,3
2016,39,Northwest,7.125,240,1
2016,39,South,9.25,420,1
2016,39,Southeast,7.125,270,1
2016,39,Southwest,8.75,180,1
2016,39,West,18,1020,2
2016,40,Central,256,17940,33
2016,40,FarNorth,37.25,2040,3
2016,40,FarSouthwest,3.625,60,1
2016,40,North,28.5,1800,4
2016,40,Northwest,6.5,240,1
2016,40,South,9.25,480,1
2016,40,Southeast,9.375,450,1
2016,40,Southwest,8.75,180,1
2016,40,West,19,1080,3
2016,41,Central,282.75,19560,37
2016,41,FarNorth,36.25,2040,3
2016,41,FarSouthwest,9.25,60,1
2016,41,North,28.5,1740,4
2016,41,Northwest,7,240,1
2016,41,South,10.5,540,1
2016,41,Southeast,7,360,1
2016,41,Southwest,8.75,240,1
2016,41,West,18.75,1080,3
2016,42,Central,275.625,18720,37
2016,42,FarNorth,37,2100,3
2016,42,FarSouthwest,15.75,1050,1
2016,42,North,29.25,1800,4
2016,42,Northwest,7.25,240,1
2016,42,South,10.25,480,1
2016,42,Southeast,9.75,540,1
2016,42,Southwest,8.5,120,1
2016,42,West,19,1020,3
2016,43,Central,271.375,18720,36
2016,43,FarNorth,38.5,2160,3
2016,43,FarSouthwest,6.5,60,1
2016,43,North,36.25,2340,5
2016,43,Northwest,8,300,1
2016,43,South,10,450,1
2016,43,Southeast,10.75,420,1
2016,43,Southwest,8.5,120,1
2016,43,West,19.75,1080,3
2016,44,Central,253,17220,33
2016,44,FarNorth,37.25,2040,3
2016,44,FarSouthwest,14.875,420,1
2016,44,North,34.5,2220,4
2016,44,Northwest,7.625,240,1
2016,44,South,8.875,450,1
2016,44,Southeast,13.5,540,1
2016,44,Southwest,7.75,120,1
2016,44,West,21,1200,3
2016,45,Central,267.75,18600,35
2016,45,FarNorth,35.75,1920,3
2016,45,FarSouthwest,4.375,60,1
2016,45,North,22,1230,3
2016,45,Northwest,6.5,180,1
2016,45,South,10,540,1
2016,45,Southeast,8,390,1
2016,45,Southwest,8.5,120,1
2016,45,West,18.25,1020,2
2016,46,Central,253.5,17460,34
2016,46,FarNorth,36,1980,3
2016,46,FarSouthwest,6.5,0,1
2016,46,North,22.25,1260,3
2016,46,Northwest,7,240,1
2016,46,South,9.75,480,1
2016,46,Southeast,13.625,750,1
2016,46,Southwest,8.75,180,1
2016,46,West,18.25,960,2
2016,47,Central,166.25,10800,23
2016,47,FarNorth,32.875,1680,2
2016,47,FarSouthwest,10.75,420,1
2016,47,North,19,1020,3
2016,47,Northwest,7,240,1
2016,47,South,8.75,420,1
2016,47,Southeast,12.75,1080,1.5
2016,47,Southwest,9.75,193,1
2016,47,West,15.75,840,2
2016,48,Central,317.125,21868,41
2016,48,FarNorth,34.5,1740,3
2016,48,FarSouthwest,12.5,540,1
2016,48,North,22.625,1260,3
2016,48,Northwest,6.5,180,1
2016,48,South,8,360,1
2016,48,Southeast,9,420,1
2016,48,Southwest,9,240,1
2016,48,West,20,1140,3
2016,49,Central,263.125,18000,37
2016,49,FarNorth,34.75,1800,3
2016,49,FarSouthwest,16.5,60,1
2016,49,North,24.5,1440,3
2016,49,Northwest,7,240,1
2016,49,South,9.75,480,1
2016,49,Southeast,8.75,600,1
2016,49,Southwest,9,180,1
2016,49,West,20.25,1140,3
2016,50,Central,285.25,19980,40
2016,50,FarNorth,35.25,1860,3
2016,50,FarSouthwest,4.25,60,1
2016,50,North,24.75,1500,3
2016,50,Northwest,7,240,1
2016,50,South,10.5,540,1
2016,50,Southeast,11.125,660,1
2016,50,Southwest,8.75,180,1
2016,50,West,21,1200,3
2016,51,Central,196.75,13500,28
2016,51,FarNorth,27.625,1500,2
2016,51,FarSouthwest,3.75,60,1
2016,51,North,17.5,1020,2
2016,51,Northwest,7,180,1
2016,51,South,9.75,480,1
2016,51,Southeast,12,540,1
2016,51,Southwest,9,120,1
2016,51,West,17.75,1020,2
2016,52,Central,153.5,10320,22
2016,52,FarNorth,28.25,1440,2
2016,52,FarSouthwest,5,180,1
2016,52,North,17,960,3
2016,52,Northwest,6.5,73,1
2016,52,South,9.75,540,1
2016,52,Southeast,6.5,60,1
2016,52,Southwest,9.75,300,1
2016,52,West,15.25,780,2
2016,53,Central,69.7,4440,10
2016,53,FarNorth,22,1080,2
2016,53,FarSouthwest,8,180,1
2016,53,North,27.7,1680,4
2016,53,Northwest,6.05,120,1
2016,53,South,8,360,1
2016,53,Southeast,6.775,300,1
2016,53,Southwest,6.65,180,1
2016,53,West,12,600,2
