Sum of median,Column Labels,,,,,,,,,,,,,,,,,,,,,,,,,,,,,,,,,,,,,,,,,,,,,,,,,,,,,,,,,,,,,,,,,,,,,,,,,,,,,,,,,,,,,,,,,,,,,,,,,,,,,,,,,,,,,,,,,,,,,,,,,,,,,,,,,,,,,,,,,,,,,,,,,,,,,,,,,,,,,,,,,,,,,,,,,,,,,,,,,,,,,,,,,,,,,,,,,,,,,,,,,,,,,,,,,
,2013,2013,2013,2013,2013,2013,2013,2013,2013,2013,2013,2013,2013,2013,2013,2013,2013,2013,2013,2013,2013,2013,2013,2013,2013,2013,2013,2013,2013,2013,2013,2013,2013,2013,2013,2013,2013,2013,2013,2013,2013,2013,2013,2013,2013,2013,2013,2013,2013,2013,2013,2013,2014,2014,2014,2014,2014,2014,2014,2014,2014,2014,2014,2014,2014,2014,2014,2014,2014,2014,2014,2014,2014,2014,2014,2014,2014,2014,2014,2014,2014,2014,2014,2014,2014,2014,2014,2014,2014,2014,2014,2014,2014,2014,2014,2014,2014,2014,2014,2014,2014,2014,2014,2014,2015,2015,2015,2015,2015,2015,2015,2015,2015,2015,2015,2015,2015,2015,2015,2015,2015,2015,2015,2015,2015,2015,2015,2015,2015,2015,2015,2015,2015,2015,2015,2015,2015,2015,2015,2015,2015,2015,2015,2015,2015,2015,2015,2015,2015,2015,2015,2015,2015,2015,2015,2015,2015,2016,2016,2016,2016,2016,2016,2016,2016,2016,2016,2016,2016,2016,2016,2016,2016,2016,2016,2016,2016,2016,2016,2016,2016,2016,2016,2016,2016,2016,2016,2016,2016,2016,2016,2016,2016,2016,2016,2016,2016,2016,2016,2016,2016,2016,2016,2016,2016,2016,2016,2016,2016,2016
Row Labels,1,2,3,4,5,6,7,8,9,10,11,12,13,14,15,16,17,18,19,20,21,22,23,24,25,26,27,28,29,30,31,32,33,34,35,36,37,38,39,40,41,42,43,44,45,46,47,48,49,50,51,52,1,2,3,4,5,6,7,8,9,10,11,12,13,14,15,16,17,18,19,20,21,22,23,24,25,26,27,28,29,30,31,32,33,34,35,36,37,38,39,40,41,42,43,44,45,46,47,48,49,50,51,52,1,2,3,4,5,6,7,8,9,10,11,12,13,14,15,16,17,18,19,20,21,22,23,24,25,26,27,28,29,30,31,32,33,34,35,36,37,38,39,40,41,42,43,44,45,46,47,48,49,50,51,52,53,1,2,3,4,5,6,7,8,9,10,11,12,13,14,15,16,17,18,19,20,21,22,23,24,25,26,27,28,29,30,31,32,33,34,35,36,37,38,39,40,41,42,43,44,45,46,47,48,49,50,51,52,53
1,4.85,4.25,4.25,4.25,4.65,4.65,4.65,4.85,5.05,4.85,4.85,4.65,4.65,4.85,4.45,4.845,4.45,4.45,4.45,4.45,4.65,4.745,4.65,4.65,4.45,4.45,4.84,4.45,4.25,4.25,4.65,4.45,4.45,4.25,4.45,4.85,4.45,4.45,4.65,4.65,4.65,4.84,4.65,4.65,4.65,4.65,4.84,4.65,4.65,4.65,4.65,5.05,4.65,4.85,4.84,4.45,4.65,4.85,4.85,4.84,4.84,4.85,4.65,4.65,4.85,5.25,4.84,5.05,4.85,5.25,5.05,4.65,4.85,5.05,5.05,4.85,5.05,5.05,4.85,5.05,4.745,4.65,4.85,4.45,4.65,4.85,4.45,4.65,4.85,4.45,4.84,4.85,4.65,4.84,4.65,4.65,4.84,4.85,4.84,4.65,4.85,4.45,4.65,4.65,5.05,5.25,5.25,4.65,4.65,5.05,4.85,5.05,5.05,5.05,5.45,5.05,5.25,4.85,5.05,5.25,5.25,5.05,5.05,5.05,5.45,5.45,5.25,4.65,4.85,4.85,4.85,4.85,4.65,4.65,4.85,5.05,4.85,5.05,5.05,5.05,4.85,5.05,5.05,5.05,4.85,5.05,5.05,5.05,5.05,5.05,5.05,4.84,5.25,5.05,5.05,5.05,5.25,5.5,5.5,5.75,5.25,5.75,5.375,5.75,5.5,5.5,5.625,5.75,5.75,5.75,5.75,5.75,5.75,5.5,5.75,5.75,5.75,6.25,5.75,5.25,5.5,5.5,5.25,5.5,5.5,5.75,6,5.5,5.75,5.5,5.5,5.5,5.25,4.75,5.25,5.25,5.25,5.25,5.5,5.5,5,5,5.75,5.5,5.25,5.5,5,5,5.25,4.85
2,3.45,3.45,3.25,3.25,3.65,3.45,3.25,3.25,3.45,3.25,3.25,3.25,3.25,3.25,3.25,3.25,3.25,3.25,3.25,3.25,3.25,3.25,3.25,3.25,3.25,3.25,3.25,3.25,3.25,3.25,3.25,3.25,3.25,3.25,3.25,3.25,3.25,3.25,3.25,3.25,3.25,3.45,3.25,3.25,3.25,3.25,3.25,3.25,3.25,3.45,3.25,3.25,3.65,3.25,3.25,3.25,3.25,3.45,3.25,3.45,3.25,3.45,3.25,3.25,3.45,3.85,4.65,3.85,4.05,3.25,3.45,3.25,3.25,3.45,3.25,3.25,3.25,3.25,3.25,3.25,3.25,3.25,3.45,3.45,3.85,3.45,4.05,4.45,4.05,5.05,4.85,5.45,5.05,5.45,5.05,5.45,5.85,6.05,4.05,4.45,3.25,3.65,4.25,3.45,5.05,4.05,3.45,4.25,3.45,4.25,4.65,4.05,3.85,3.85,3.85,3.65,4.05,3.65,3.45,3.25,3.45,3.25,3.45,3.65,3.65,4.25,4.25,4.05,3.85,3.45,3.75,3.45,3.45,3.45,3.45,3.85,3.25,3.65,3.45,4.05,4.25,4.05,4.45,3.45,3.65,4.25,4.45,4.45,4.05,5.25,5.05,4.85,4.84,5.05,5.25,5.05,5.05,5,5.25,4.75,4.75,5,5.5,4.25,5.25,5,5.5,5.25,5,5,5,3.5,4.5,3.75,4.5,4.75,4.5,3.5,4.5,3.5,3.5,4.75,3.5,3.75,3.5,3.75,3.75,3.75,4.75,3.5,3.5,3.75,3.75,4,4.75,4.5,5.25,5,4.75,4.75,4.5,3.5,3.75,3.5,3.5,4.25,4.75,3.5,3.75,4.45
3,4.85,4.84,4.85,4.85,4.85,5.05,4.85,4.85,5.05,5.05,4.85,5.05,5.05,4.85,5.05,5.05,4.85,5.05,5.05,5.05,5.05,5.05,5.05,5.05,5.25,5.05,5.05,4.85,4.85,4.84,4.85,4.85,4.85,4.85,4.85,4.85,4.85,4.85,4.85,4.85,4.84,4.85,4.85,4.85,4.85,4.85,4.85,4.85,4.85,4.85,4.85,4.85,5.05,5.05,4.85,4.85,5.05,5.05,4.85,5.05,5.05,5.05,4.84,4.85,4.85,4.85,4.85,4.85,4.85,4.85,4.85,4.85,4.85,4.85,5.05,4.85,5.05,5.05,4.85,4.85,5.05,5.05,5.05,5.05,4.85,4.84,4.85,4.95,4.85,5.05,5.05,5.05,5.05,5.25,5.05,5.25,5.05,5.25,5.25,5.05,5.05,5.05,5.25,5.05,5.05,5.05,5.05,5.05,5.05,5.05,5.05,5.05,5.05,5.05,5.05,4.85,5.05,4.85,5.05,5.25,5.05,5.45,5.05,5.05,5.05,4.85,5.05,5.05,5.05,5.45,5.25,5.25,5.25,5.45,5.45,5.45,5.05,5.25,5.05,5.05,5.05,5.05,5.25,5.05,5.05,5.25,5.05,5.25,5.05,5.05,5.05,5.05,5.05,5.25,5.25,5.05,5.05,5.5,5.5,5.5,5.5,5.25,5.25,5.5,5.25,5.5,5.25,5.5,5.25,5.25,5.5,5.5,5.25,5.25,5.5,5.25,5.5,5.5,5.5,5.75,5.5,5.5,5.25,5.5,5.75,5.5,5.5,5.5,5.5,5.5,5.5,5.25,5.25,5.25,5.5,5.5,5.5,5.75,5.5,5.5,5.5,5.5,5.25,5.25,5.5,5.5,5.5,5.25,5.25,5.05
4,4.65,4.65,4.45,4.65,4.65,4.85,4.65,4.65,4.65,4.25,4.25,4.65,4.65,4.65,4.65,4.65,4.65,4.45,4.65,4.55,4.45,4.84,4.65,4.65,4.45,4.45,4.45,4.25,4.25,4.05,4.25,4.45,3.85,4.25,4.05,4.65,4.25,4.25,4.15,4.45,4.15,4.25,4.25,4.45,4.25,4.25,4.45,4.45,4.45,4.65,4.45,4.65,4.65,4.45,4.65,4.65,4.65,4.65,4.65,4.65,4.84,4.745,4.25,4.45,4.45,4.25,4.05,4.25,4.25,4.45,4.45,4.45,4.25,4.84,4.45,4.45,4.45,4.45,4.45,4.65,4.45,4.25,4.45,4.45,4.65,5.05,4.84,4.65,4.65,5.05,4.85,5.25,4.84,5.25,5.45,5.25,5.05,5.05,4.95,4.65,5.05,5.25,4.85,4.85,4.85,4.65,5.05,5.05,4.84,5.05,4.85,5.05,5.05,5.05,5.05,4.85,4.85,4.45,4.85,4.65,4.45,4.65,4.45,4.65,4.45,4.85,4.25,4.65,4.25,4.45,4.45,5.05,4.65,4.65,4.84,5.05,4.84,5.05,4.85,4.85,5.05,4.65,4.65,4.95,4.85,4.65,4.65,5.05,4.85,4.85,4.85,4.85,5.05,5.25,5.05,4.85,5.05,5.25,5.5,5.75,5.25,5.5,5.25,5.25,5.25,5.5,5.25,5.75,5.25,5.25,5,5.5,5.5,5.75,5.5,5.5,4.75,5.5,5.5,5.25,4.5,5,4.5,5.25,5.5,5.25,5.25,5.25,5.25,5,5.25,5.125,5.75,4.25,4.75,5.25,5.25,5.25,5,5.5,5.5,5.5,5.75,5,5,5.375,5.5,5.25,5,3.85
5,4.45,4.65,4.65,3.45,4.05,4.05,4.25,4.25,4.45,4.45,4.65,4.45,4.05,4.65,4.65,4.45,4.65,4.45,4.25,4.45,4.45,4.45,4.45,4.25,3.85,4.25,4.45,4.45,4.05,3.85,3.85,4.45,4.345,4.05,4.05,4.45,4.15,4.45,4.25,4.25,4.05,4.45,4.25,4.25,4.05,4.25,4.45,4.25,4.05,4.45,4.25,4.25,4.25,4.05,4.45,4.25,4.25,4.45,4.45,4.25,4.25,4.45,4.45,4.05,4.05,4.25,4.05,4.05,4.05,3.85,4.25,4.05,4.05,4.45,4.05,4.45,4.65,3.65,3.85,4.45,4.05,4.45,4.25,4.65,4.45,4.85,4.45,4.45,4.65,5.05,4.85,4.85,4.65,4.84,5.25,4.65,5,5.05,4.25,4.45,4.25,4.45,4.45,4.35,4.65,4.45,4.45,4.25,4.05,4.65,4.84,4.25,4.45,4.45,4.65,4.45,4.25,3.65,4.45,4.05,4.45,4.25,4.25,4.05,4.25,4.05,4.45,4.45,3.85,3.85,4.25,4.45,3.45,4.05,3.85,4.65,3.85,3.85,4.65,4.85,4.65,4.65,3.85,4.55,4.65,4.65,4.45,4.65,4.45,4.45,4.45,4.45,4.84,4.45,4.65,4.65,4.45,4,4.75,4.5,4.75,5,4.5,4.75,4.75,4.75,5.25,4.5,5.25,4.75,5,4.5,4.5,4.5,4.5,4.5,4.75,5,5,5.75,4.25,4.5,4,5.25,5,4.5,4.75,4.625,4.5,4.25,4.75,4,4.625,4.25,5,3.5,5.25,5,5.5,5,4.375,4.5,5.125,3.5,5.5,5,5,4.75,4.5,3.75
6,5.25,5.25,5.25,5.25,5.25,5.25,5.25,5.25,5.25,5.25,5.45,5.25,5.25,5.25,5.45,5.45,5.45,5.45,5.25,5.45,5.45,5.45,5.45,5.45,5.45,5.45,5.45,5.45,5.45,5.25,5.45,5.45,5.45,5.45,5.45,5.45,5.45,5.45,5.45,5.25,5.25,5.25,5.45,5.45,5.25,5.25,5.25,5.25,5.25,5.45,5.25,5.25,5.25,5.25,5.25,5.25,5.25,5.25,5.25,5.25,5.25,5.25,5.45,5.25,5.25,5.45,5.45,5.25,5.25,5.45,5.25,5.25,5.25,5.45,5.45,5.25,5.45,5.45,5.25,5.45,5.45,5.45,5.35,5.45,5.45,5.45,5.25,5.45,5.45,5.45,5.45,5.25,5.25,5.25,5.25,5.45,5.25,5.25,5.25,5.25,5.25,5.45,5.25,5.05,5.25,5.25,5.25,5.25,5.25,5.45,5.25,5.25,5.25,5.25,5.65,5.25,5.25,5.25,5.25,5.25,5.25,5.35,5.25,5.45,5.25,5.45,5.45,5.45,5.45,5.45,5.45,5.45,5.25,5.45,5.45,5.45,5.45,5.45,5.25,5.45,5.45,5.45,5.45,5.25,5.25,5.45,5.25,5.45,5.25,5.25,5.25,5.05,5.25,5.25,5.25,5.05,5.25,5.5,5.5,5.5,5.5,5.5,5.5,5.5,5.5,5.5,5.75,5.5,5.5,5.5,5.5,5.75,5.5,5.5,5.5,5.5,5.5,5.75,5.75,5.75,5.75,5.75,5.5,5.75,5.75,5.5,5.75,5.5,5.75,5.75,5.75,5.75,5.5,5.5,5.75,5.5,5.75,5.5,5.5,5.5,5.75,5.5,5.25,5.25,5.5,5.5,5.5,5.25,5.25,5.25
7,5.25,5.25,5.25,5.25,5.25,5.25,5.25,5.25,5.25,5.45,5.45,5.25,5.25,5.25,5.25,5.25,5.45,5.45,5.25,5.45,5.45,5.45,5.65,5.45,5.45,5.45,5.65,5.45,5.65,5.45,5.45,5.45,5.45,5.45,5.45,5.45,5.45,5.45,5.45,5.45,5.45,5.45,5.45,5.25,5.25,5.25,5.25,5.25,5.45,5.45,5.25,5.25,5.25,5.45,5.25,5.25,5.25,5.25,5.25,5.25,5.45,5.25,5.45,5.45,5.45,5.45,5.45,5.45,5.45,5.45,5.45,5.45,5.45,5.45,5.45,5.65,5.45,5.45,5.45,5.45,5.65,5.45,5.45,5.45,5.65,5.45,5.45,5.45,5.45,5.45,5.45,5.25,5.45,5.45,5.45,5.45,5.45,5.45,5.45,5.25,5.45,5.45,5.45,5.25,5.25,5.25,5.45,5.25,5.25,5.45,5.25,5.25,5.25,5.25,5.45,5.25,5.25,5.25,5.25,5.45,5.25,5.45,5.25,5.45,5.45,5.45,5.45,5.45,5.45,5.45,5.45,5.45,5.45,5.45,5.45,5.45,5.45,5.45,5.45,5.45,5.45,5.45,5.45,5.45,5.45,5.25,5.25,5.45,5.45,5.25,5.25,5.25,5.45,5.45,5.45,5.05,5.25,5.5,5.5,5.5,5.5,5.5,5.5,5.75,5.5,5.5,5.75,5.75,5.5,5.75,5.75,5.75,5.75,5.5,5.75,5.75,5.75,5.75,5.75,6,5.75,6,5.75,5.75,5.75,5.75,5.75,5.75,5.75,5.75,5.75,5.75,5.75,5.5,5.75,5.75,5.75,5.75,5.75,5.75,5.75,5.75,5.5,5.5,5.75,5.75,5.5,5.5,5.5,5.25
8,5.45,5.45,5.45,5.45,5.45,5.45,5.45,5.45,5.45,5.45,5.45,5.45,5.45,5.45,5.45,5.45,5.45,5.45,5.45,5.65,5.65,5.45,5.65,5.65,5.65,5.65,5.65,5.65,5.65,5.65,5.65,5.65,5.65,5.65,5.65,5.45,5.45,5.65,5.65,5.45,5.65,5.65,5.45,5.45,5.65,5.45,5.45,5.45,5.45,5.45,5.45,5.45,5.45,5.45,5.45,5.45,5.45,5.45,5.45,5.45,5.45,5.45,5.45,5.45,5.45,5.45,5.65,5.45,5.45,5.45,5.65,5.65,5.65,5.65,5.65,5.65,5.65,5.65,5.65,5.65,5.65,5.65,5.65,5.65,5.65,5.65,5.65,5.65,5.65,5.65,5.65,5.45,5.65,5.65,5.65,5.65,5.65,5.65,5.45,5.45,5.65,5.65,5.65,5.45,5.45,5.45,5.45,5.45,5.45,5.45,5.45,5.45,5.45,5.45,5.65,5.45,5.45,5.45,5.45,5.45,5.45,5.45,5.45,5.65,5.65,5.45,5.65,5.65,5.65,5.65,5.65,5.65,5.65,5.85,5.65,5.65,5.65,5.65,5.65,5.65,5.65,5.65,5.65,5.65,5.65,5.65,5.65,5.65,5.65,5.65,5.45,5.45,5.65,5.65,5.65,5.45,5.65,5.75,5.75,5.75,5.75,5.75,5.75,5.75,5.75,5.75,6,5.75,5.75,5.75,5.75,6,5.75,5.75,6,5.75,6,6,6,6,6.25,6,6,6,6,6,6,6,6,6,6,6,6,6,6,6,6,6,6,6,6,6,6,5.75,6,5.75,5.75,5.75,6,5.5
9,3.25,3.25,3.25,3.65,3.35,16.25,3.25,14.65,3.45,4.55,29.85,9.44,3.35,26.75,4.25,3.35,3.45,5.05,35,3.25,2.45,3.25,3.25,3.25,3.65,26.625,3.25,3.25,4.45,3.45,3.25,15.85,8.65,3.85,22.65,3.25,5.65,26.45,3.65,3.55,3.85,3.25,6.75,3.25,3.25,26.45,3.25,3.25,14.75,4.25,4.95,5.95,5.25,3.25,4.65,8.55,19.65,14.475,3.45,,3.625,3.25,5.65,4.65,7.25,3.25,6.65,3.25,3.45,3.25,3.95,4.85,3.25,3.25,9.25,3.25,3.25,3.25,15.35,3.25,3.25,3.25,32.25,3.25,16.95,4.25,3.25,4.05,3.35,3.25,4.25,3.35,3.25,3.85,3.25,3.25,3.45,3.55,3.25,3.85,3.25,3.65,3.55,3.45,3.25,3.45,4.65,,9.15,3.35,3.25,3.25,4.95,3.45,3.85,4.35,3.25,3.25,3.95,4.85,3.25,3.25,3.65,3.65,3.25,3.25,3.95,6.85,3.25,3.25,3.25,3.85,3.35,3.25,3.25,3.25,3.25,3.25,3.85,3.25,3.35,3.25,3.85,3.25,3.45,3.25,3.25,3.25,3.25,3.45,3.45,,3.25,3.25,3.85,3.25,3.25,110.125,,3.25,3.25,3.375,3.25,3.25,3.25,4,3.25,6.75,3.25,3.25,3.25,3.25,5.875,3.25,3.25,,3.25,47.75,3.25,3.25,4,17.125,37.25,,3.25,3.25,3.25,,3.25,5,10.5,3.25,,3.25,3.25,3.25,3.25,3.5,3.25,9.75,3.5,3.25,,3.25,3.25,,3.25,7.5,3.75,
10,3.45,3.35,3.25,3.25,3.65,3.25,3.45,3.25,3.45,3.25,3.25,3.25,3.25,3.25,3.25,3.25,3.25,3.25,3.25,3.25,3.65,3.25,3.25,3.25,4.75,3.45,3.25,3.25,3.25,3.45,3.55,3.65,3.25,3.25,3.25,3.25,3.35,3.35,3.25,3.25,3.25,3.25,3.25,4.35,3.25,3.25,3.25,3.25,3.25,4.45,3.25,3.45,3.95,3.25,3.25,3.25,3.25,3.45,3.25,5.05,3.25,3.45,3.25,3.25,3.25,3.25,3.25,3.25,3.65,3.25,3.25,4.55,3.25,4.05,3.25,3.25,3.25,3.35,4.25,3.25,3.35,3.25,3.25,3.25,3.25,5.25,6.85,6.25,6.05,6.25,6.65,5.05,6.45,6.45,6.85,6.85,6.65,6.25,3.85,5.85,3.45,6.65,7.45,7.25,7.85,5.05,6.45,5.65,6.45,6.65,7.45,5.65,6.45,6.85,6.95,6.45,6.75,6.25,6.35,6.15,5.85,6.35,6.05,6.75,6.45,6.75,6.45,6.85,5.85,6.55,6.55,5.65,3.45,5.05,5.65,4.84,7.45,7.25,6.05,6.55,9.25,5.05,6.25,6.85,5.75,6.65,7.25,6.75,6.65,6.85,6.85,4.45,6.45,3.88,6.15,5.85,5.05,6.125,7,5.5,5.625,5,7.625,5.25,6.5,6.625,6.5,5.5,6.5,5.75,6.5,5.75,7.5,6.5,5.75,5,3.375,7,6.5,7.75,6.25,5.125,6,6.75,5.875,6.75,5.75,3.25,5.5,5.25,5.645,5.125,5.75,3.25,8,8,7.875,7.75,5.375,3.67,4.875,3.25,5,6.125,7.375,10.75,7.5,7,7.25,5.85
11,3.25,3.25,3.25,3.25,3.25,3.25,3.25,3.25,3.25,3.25,3.25,3.25,3.25,3.25,3.25,3.25,3.25,3.25,3.25,3.25,3.45,3.25,3.25,3.25,3.25,3.25,3.25,3.25,3.25,3.25,3.25,3.25,3.25,3.25,3.25,3.25,3.25,3.25,3.25,3.25,3.25,3.25,3.25,3.25,3.25,3.25,3.25,3.25,3.25,3.25,3.25,3.25,3.45,3.25,3.25,3.25,3.45,3.65,3.25,3.45,3.25,3.25,3.45,3.25,3.25,3.25,3.7,4.25,3.65,5.45,3.85,5.05,5.25,4.85,4.25,5.25,5.05,5.05,5.85,6.05,5.25,5.05,5.85,4.95,3.45,4.85,5.65,4.45,5.35,5.45,5.45,5.45,5.05,5.15,4.55,4.85,5.15,3.65,5.25,5.45,5.25,4.45,5.25,5.45,4.15,4.745,4.85,5.25,5.45,5.25,5.45,5.25,4.65,5.45,5.45,5.25,5.25,4.95,5.45,4.95,5.45,5.65,5.05,4.85,5.45,5.45,6.05,5.45,5.65,5.45,5.45,5.45,3.95,4.84,5.85,5.05,5.45,5.75,5.45,5.45,5.65,5.25,5.05,5.55,5.45,5.05,5.05,5.05,5.45,5.25,5.05,5.25,5.25,5.45,5.05,5.45,4.85,5,5.25,5.25,5.375,5.75,5.5,5.25,5.625,5.75,6.25,5.25,5.5,5.75,5.5,5.25,6,5.5,5,5.5,5.25,5.75,5.25,5.25,5.25,5.5,5.75,4.5,5.25,5.5,5.75,5.375,5.25,5.75,6,5.5,5.25,5.5,5.75,5.5,5.125,5,5.25,5,6,5.5,6,6.25,5.25,5.5,5.75,5.5,5.5,3.25
12,3.45,3.25,3.45,3.85,3.25,3.45,4.05,3.85,3.65,3.45,3.35,3.25,3.25,3.25,3.25,3.25,3.75,3.25,3.65,3.65,5.05,3.55,5.05,3.25,3.35,4.15,3.45,3.25,3.25,3.25,3.25,3.25,3.25,3.25,3.25,3.25,3.25,3.25,3.25,3.25,3.25,3.25,3.25,3.25,3.25,3.25,3.25,3.25,3.25,3.25,3.25,3.25,3.25,3.25,3.25,3.25,3.25,3.25,3.25,3.25,3.65,3.25,3.25,3.25,3.25,3.25,3.25,3.25,3.25,3.25,3.25,3.25,3.25,3.25,3.25,3.25,3.25,3.25,3.25,3.45,3.25,3.25,3.25,3.25,3.25,3.25,3.25,3.25,3.25,3.25,3.25,5.05,6.05,6.85,6.65,5.45,6.45,3.25,4.84,3.25,3.25,3.25,3.25,3.25,3.25,3.25,3.25,6.85,6.45,6.45,6.65,6.65,6.05,7.25,7.85,5.65,3.25,3.25,3.25,3.25,3.25,3.25,3.25,3.25,3.25,3.25,3.25,3.25,3.25,3.25,3.25,3.25,3.25,3.25,3.25,3.25,3.25,3.25,3.25,3.25,3.25,3.25,3.45,3.25,3.35,3.65,3.25,3.25,3.25,3.25,3.25,3.25,3.25,3.25,3.25,3.25,3.25,3.25,3.25,3.25,4.375,3.5,3.25,3.25,3.25,3.25,3.25,3.25,3.25,3.25,3.25,3.25,3.25,3.25,3.25,3.25,3.25,3.25,3.25,3.25,3.25,3.25,3.25,3.25,3.25,3.25,3.25,3.25,3.25,3.25,3.25,3.25,3.25,3.25,3.25,3.32,3.25,3.25,3.25,3.25,3.625,3.25,3.25,3.625,3.375,3.25,3.25,3.25,3.25,3.25
13,3.25,3.25,3.25,3.25,3.25,3.25,3.25,3.25,3.25,3.25,3.25,3.25,3.25,3.25,3.25,3.25,3.25,3.25,3.25,3.25,3.25,3.25,3.25,3.25,3.25,3.25,3.25,3.25,3.25,3.25,3.25,3.25,3.25,3.25,3.25,3.25,3.25,3.25,3.25,3.25,3.25,3.25,3.25,3.25,3.25,3.25,3.25,3.25,3.25,3.25,3.25,3.25,3.25,3.25,3.25,3.25,3.25,3.25,3.25,3.25,3.25,3.25,3.25,3.25,3.25,3.25,3.25,4.05,5.05,4.65,4.45,5.25,4.45,3.25,3.25,3.45,3.25,3.55,5.45,4.45,4.85,3.65,4.45,3.25,3.25,3.25,3.25,3.25,3.25,3.25,3.25,3.25,4.45,4.45,5.85,3.65,3.65,5.25,3.25,3.25,3.25,4.15,3.75,4.25,3.25,3.25,3.25,3.25,4.35,4.45,3.25,3.25,3.25,3.25,4.45,3.25,3.25,3.25,3.25,3.45,3.25,3.25,3.25,3.25,3.25,3.25,3.25,3.25,3.25,3.25,3.25,3.25,3.25,3.25,3.25,3.25,3.25,3.25,3.25,3.25,3.25,3.25,3.25,3.25,3.25,3.25,3.25,3.25,3.25,3.25,3.25,3.25,3.25,3.25,4.845,3.25,3.25,3.25,3.25,3.25,3.25,3.25,3.25,3.25,5.25,3.25,3.25,3.25,3.25,3.25,3.25,3.25,3.25,3.25,3.25,3.25,3.25,3.25,3.25,3.25,3.25,3.25,3.25,3.25,3.25,3.25,3.25,3.25,3.25,3.25,3.25,3.25,3.25,3.25,3.25,3.25,3.25,6,3.25,3.25,3.25,3.25,3.5,3.25,3.25,3.25,3.25,3.25,4,3.25
14,4.45,4.45,4.35,4.25,4.25,4.84,4.745,4.84,4.25,4.05,4.45,4.45,4.45,4.45,4.25,4.25,4.45,4.65,4.25,4.25,4.05,4.45,4.25,3.45,3.85,4.45,4.45,4.45,4.45,4.05,4.25,4.05,4.05,4.25,4.25,4.15,4.05,4.45,4.05,3.65,4.05,4.05,4.25,4.25,3.65,3.75,4.65,3.85,3.45,4.45,4.45,4.25,4.45,3.85,3.65,4.25,3.65,4.45,4.35,4.25,4.25,4.25,4.25,4.25,4.45,3.85,4.45,4.05,4.45,4.65,4.25,4.25,4.25,4.65,4.45,4.45,4.65,4.25,4.55,4.25,4.05,4.25,4.25,4.65,5.45,5.05,4.85,4.65,4.65,4.45,4.25,4.65,4.65,4.25,4.25,4.45,4.45,4.65,4.65,4.45,4.45,4.65,4.45,4.65,4.45,4.45,5.05,4.45,4.45,4.45,4.84,4.65,4.85,4.45,5.45,4.85,5.25,5.35,5.05,4.65,4.45,4.45,4.65,4.45,4.55,4.45,4.25,4.05,4.65,4.65,4.65,4.05,4.65,4.45,4.45,4.65,4.45,4.65,4.65,4.25,4.45,4.45,4.65,4.745,4.15,4.65,4.84,4.45,4.65,4.65,4.45,4.45,4.45,4.35,4.65,4.85,4.45,4.65,5.5,5.25,5,5.5,4.75,4.75,4.625,5.25,4.75,5.25,5,5.25,5.25,5,5,5,4.625,4.75,4.75,4.75,4.875,4.125,4,4,4.75,4.5,4.75,4.75,4.875,5,4.75,5,5.25,5,4.75,4.375,5.25,4.5,5.125,4.5,4.5,4.25,4.75,5,4.5,4.75,5,4.5,5,4.5,5,4.25
15,3.25,3.25,3.25,3.25,3.25,4.25,3.25,3.25,3.25,3.25,3.55,3.25,3.25,3.25,3.25,3.25,3.25,3.25,3.45,3.25,3.25,3.45,3.25,3.25,3.25,3.25,3.25,3.25,3.25,3.25,3.25,3.25,3.25,3.25,3.25,3.25,3.45,3.25,3.45,3.25,3.25,3.25,3.25,3.25,3.25,3.25,3.25,3.25,3.25,3.25,3.45,3.25,3.25,3.25,3.25,3.25,3.25,3.25,3.25,3.25,3.25,3.95,3.85,3.25,4.05,3.25,3.85,3.25,5.25,3.25,4.05,5.85,5.25,5.25,4.45,4.65,3.45,4.85,3.25,3.25,4.85,5.05,5.65,4.85,3.65,3.25,5.25,7.05,4.25,3.45,3.25,3.25,3.25,3.25,3.45,3.25,5.05,3.65,3.25,3.95,3.45,3.25,4.25,5.45,3.25,3.25,3.25,3.25,3.25,3.25,3.45,3.45,3.25,4.25,3.45,3.25,3.25,3.45,3.25,3.25,4.745,3.65,3.25,5.05,3.55,4.25,3.45,4.25,3.25,3.45,3.25,3.25,3.25,3.25,3.25,3.25,3.25,3.45,4.45,3.25,5.35,5.05,5.45,3.25,3.25,3.25,3.25,3.45,4.45,3.25,3.25,3.45,3.25,3.25,3.45,3.65,3.25,3.25,3.25,3.25,3.5,3.875,3.5,3.25,3.25,5.25,3.75,3.25,3.375,3.75,4.25,3.375,3.625,3.875,3.5,3.375,3.25,3.25,3.25,3.25,3.5,4.5,3.25,3.25,3.25,3.25,3.875,3.25,3.25,3.25,3.25,3.25,3.25,3.25,4,3.625,3.25,3.25,3.5,3.25,3.25,3.25,3.25,3.25,4.25,5.25,3.25,3.25,3.5,3.25
16,3.25,3.25,3.25,3.25,3.25,3.45,3.25,3.45,3.45,3.25,3.25,3.25,3.25,3.25,3.25,3.45,3.25,3.25,3.25,3.25,3.65,3.25,3.25,3.25,3.25,3.25,3.25,3.25,3.45,3.25,3.25,3.25,3.25,3.25,3.25,3.25,3.45,3.25,3.25,3.25,3.25,3.25,3.25,3.25,3.25,3.25,3.25,3.25,3.25,3.25,3.25,3.25,3.45,3.25,3.25,3.25,3.45,3.45,3.25,3.25,3.25,3.25,3.65,3.25,3.45,3.25,3.25,3.25,3.45,3.45,3.25,3.45,3.25,3.25,3.25,3.65,3.45,3.65,3.25,3.65,4.65,3.45,3.45,3.25,3.65,3.45,4.85,4.85,5.65,4.85,3.65,4.84,4.85,5.25,5.05,5.05,5.65,4.65,4.84,4.45,4.65,3.85,3.75,3.45,4.25,3.45,3.65,4.35,4.45,4.85,4.65,5.05,4.65,4.45,4.05,3.65,4.25,3.65,3.45,3.45,3.45,3.45,3.25,3.85,4.05,3.45,5.05,3.45,3.65,3.25,3.75,3.45,3.45,3.25,3.25,3.45,4.05,3.25,3.65,3.45,3.65,3.65,3.65,4.05,3.85,4.05,3.45,4.05,3.45,4.05,3.85,4.05,3.65,4.25,3.25,4.05,3.45,3.5,4,3.5,3.5,3.5,4.5,3.25,3.25,3.5,3.25,3.5,3.5,3.75,3.5,3.5,4,3.875,4.25,4.5,3.5,4,4.125,3.25,3.25,3.5,3.25,3.5,3.5,3.25,3.5,3.5,4,3.25,3.25,3.25,3.25,3.25,3.25,3.5,3.25,3.25,3.25,4.25,3.75,3.875,5,3.75,4.125,3.75,5.25,4.25,3.25,3.5
17,3.65,3.25,4.45,3.25,3.25,3.25,3.25,3.05,3.25,3.25,3.25,3.85,2.45,3.25,3.25,3.25,2.55,3.25,3.25,3.25,3.45,3.25,2.65,3.25,3.25,3.25,3.25,3.35,3.25,3.25,2.45,3.25,2.55,3.25,3.25,4.05,3.45,5.65,3.25,4.45,5.345,3.25,4.45,4.05,4.05,3.25,3.45,3.25,3.25,3.25,5.045,4.65,6.25,5.65,4.84,5.05,5.65,5.45,3.45,4.65,5.75,4.05,5.65,3.35,4.25,5.35,3.25,3.45,5.45,3.65,5.95,3.55,4.85,6.25,5.15,4.95,6.45,5.45,3.75,6.25,3.25,4.65,3.25,8.125,3.45,3.35,3.65,5.35,3.25,6.85,7.15,9.145,7.25,8.75,7.05,8.25,7.65,9.345,8.44,7.45,9.44,7.75,7.85,18.225,5.55,3.65,3.25,5.35,9.25,4.15,3.25,3.25,3.45,8.75,8.25,9.44,8.15,9.85,8.75,7.25,7.85,6.85,9.15,8.95,6.85,8.85,8.05,7.65,8.65,7.45,8.15,9.15,3.25,3.65,3.45,3.35,4.85,3.95,6.65,5.15,6.65,7.45,10.45,8.25,7.55,7.45,8.25,7.85,7.25,7.05,7.25,5.25,5.85,6.85,6.45,6.05,5.75,5.75,3.25,3.25,4,4.25,3.375,5.5,11.25,6.325,3.5,5.125,6.25,12.125,8.25,6.25,3.75,4,15.05,6.625,12.425,17,11.75,6.125,3.25,6,5.75,3.25,5.5,7.75,7,14.125,5.875,3.25,3.25,6.75,5.625,4,3.875,4.5,4.875,5,3.625,5,7.25,7.25,6.5,3.625,3.75,6.75,7,5.125,6.125,3.35
18,2.85,2.45,2.95,2.25,5.25,3.45,2.25,11.5,2.95,3.45,4.15,3.25,2.85,2.45,6.65,2.65,3.45,2.75,2.45,2.25,2.85,3.25,2.95,2.45,2.45,3.25,5.65,2.35,2.35,2.35,2.95,3.95,4.05,3.65,3.25,3.25,5.85,3.45,3.25,8.05,5.65,48.825,3.25,4.125,20,7.45,3.25,3.25,12.85,5.75,4.55,6.45,3.25,4.25,8.325,8.85,12.725,3.25,7.87,3.35,3.95,3.25,5.95,3.75,11.625,3.65,3.25,25.95,16.65,6.65,4.45,15.225,3.25,20,13.85,10.05,3.55,10.725,5.05,2.75,6.85,3.45,,3.85,4.65,5.65,3.25,3.85,3.35,17,3.65,11.675,11.225,10.225,15.15,4.35,3.85,3.25,3.25,4.25,5.85,2.45,6.45,5.25,3.25,4.85,8.65,5.65,9.325,3.25,,4.45,3.35,5.55,3.95,10.25,5.425,3.45,5.525,4.15,3.25,3.85,3.55,3.45,5.25,12.05,3.25,21.05,5.15,6.05,4.85,5.25,3.55,3.25,4.25,7.925,24.85,3.25,22,3.25,3.25,3.25,69.45,9.625,4.45,15.65,20.1,8.65,,3.25,22.45,,4.25,9.05,5.05,,,27,7.35,3.65,,12.35,3.25,6.325,4.675,,,4.55,,,,3.375,40,14,10,3.75,7.3,22,,5,3.25,16.175,,9.75,15.5,3.75,5,,,5,3.25,18,,7.5,3.75,3.625,3.25,3.25,52.25,10.875,7.25,3.25,,4.25,,,3.25,3.375,,3.25
19,3.45,4.25,4.85,3.65,3.45,3.45,3.25,5.25,3.25,4.85,5.45,4.85,3.25,4.55,3.25,4.35,5.05,3.85,4.45,5.65,3.25,4.15,4.45,3.25,3.25,3.25,3.25,3.25,3.25,3.25,3.25,3.25,3.25,3.25,3.25,3.35,3.25,3.45,3.25,3.25,5.65,4.45,5.15,4.25,4.25,3.25,3.45,3.25,3.45,3.75,3.25,5.95,4.25,4.15,4.55,3.25,5.15,5.45,5.05,4.95,3.85,5.65,3.25,4.05,4.45,4.15,3.25,3.25,4.45,6.85,3.35,5.05,4.05,6.65,7.65,5.45,7.05,6.35,6.15,5.25,6.35,3.25,5.05,6.05,5.45,7.25,6.35,6.05,3.25,3.25,5.25,4.45,3.55,3.25,4.65,3.35,5.45,3.25,3.85,3.25,5.05,3.85,3.25,4.15,3.85,4.85,4.05,3.45,3.95,4.55,4.25,6.25,4.35,5.35,5.85,5.65,5.85,4.25,4.85,5.25,4.85,6.05,3.65,5.65,5.65,5.65,4.75,5.55,4.25,4.25,6.25,4.05,5.25,4.45,4.945,5.45,5.45,3.45,4.65,5.35,5.25,4.65,4.65,6.25,5.05,4.85,4.05,6.15,5.35,4.25,3.45,4.95,5.65,6.35,3.45,4.25,5.45,7,5.65,3.45,5.5,4.5,5.25,5.75,5.25,6.75,5.25,5.75,5.25,6,5.375,6,5.5,4.25,4.525,6.25,6.5,6.875,4.75,6.25,7,5.625,5,6.5,4.75,6,7.25,5.5,4.25,3.5,5.75,6.75,6.25,4.75,4,3.75,7.25,6.625,5.25,6.875,6,6.75,5.75,6.875,5.75,5.25,7.625,5,6.5,5.65
20,3.25,3.45,3.25,11.35,3.25,3.25,3.25,3.25,5.85,4.85,5.05,6.65,3.25,3.25,3.65,3.25,3.25,5.65,3.25,5.05,3.45,3.25,3.45,3.25,3.25,3.25,3.45,3.25,3.25,3.25,3.25,3.25,3.25,3.85,3.25,3.25,3.25,3.25,3.65,4.25,3.25,3.45,3.25,3.25,3.25,3.25,3.25,3.25,3.25,3.25,3.25,3.25,3.25,3.35,3.25,3.85,3.25,3.25,3.25,3.25,3.25,3.25,3.25,3.25,3.25,3.25,3.25,3.65,3.25,4.95,3.85,4.05,3.55,3.25,3.35,3.35,3.25,3.85,3.45,3.35,9.75,3.25,3.25,3.45,3.25,4.625,3.45,3.85,3.55,3.25,3.25,3.25,3.35,3.45,3.25,3.25,3.25,3.25,3.25,3.65,3.25,3.25,3.25,6.95,3.25,3.25,3.65,3.35,5.05,3.45,3.25,3.25,7.05,4.65,3.45,3.25,3.25,3.25,4.15,3.45,10.45,3.25,3.25,3.25,3.25,3.25,3.25,3.25,3.25,3.25,3.25,3.25,3.25,3.35,3.25,3.45,3.25,4.25,3.25,3.35,3.25,3.45,13.65,3.25,3.65,3.25,3.35,4.25,3.25,3.25,3.25,3.25,3.25,3.25,4.05,3.25,3.65,5.25,3.25,4.5,3.375,3.25,3.625,3.875,4.25,6.75,3.25,3.25,4.25,3.25,3.75,4.5,3.25,3.25,5.75,3.625,4.125,3.25,3.25,3.25,3.25,3.875,3.375,3.25,4,3.25,3.25,6.25,3.25,3.875,3.25,6.25,3.375,3.25,3.25,5.5,3.75,3.25,8.875,3.25,3.25,4,3.25,3.25,8.25,4.875,3.375,13.25,,3.25
21,3.25,4.25,3.45,3.85,4.05,4.45,4.65,4.25,4.15,3.45,3.25,3.25,3.25,3.25,3.25,3.45,3.25,3.25,3.25,3.25,3.25,3.25,3.25,3.25,3.25,3.25,3.45,3.25,3.25,3.25,3.25,3.25,3.25,3.25,3.25,3.25,3.25,3.25,3.25,3.25,3.25,3.25,3.25,3.25,3.25,3.25,3.25,3.45,3.25,3.25,3.25,3.25,3.25,3.25,3.25,3.25,3.25,3.25,3.25,3.25,3.25,3.25,3.25,3.25,3.25,3.25,3.25,3.25,3.25,3.25,3.25,3.25,3.25,3.25,3.25,3.25,3.25,3.25,3.25,3.25,3.25,3.25,3.25,3.25,3.25,3.25,3.25,3.25,3.25,3.25,3.25,3.25,3.25,3.25,3.25,3.25,3.25,3.25,3.25,3.25,3.25,3.25,3.25,3.25,3.65,3.25,3.25,3.25,3.25,4.65,3.25,3.25,3.25,3.25,3.25,3.25,3.25,3.25,3.25,3.25,3.25,3.25,3.25,3.25,3.25,3.25,3.25,3.25,3.25,3.25,3.25,3.25,3.25,3.25,3.25,3.25,3.25,3.25,3.25,3.25,3.25,3.25,3.25,3.25,3.25,3.25,3.25,3.25,3.25,3.25,3.25,3.25,3.25,3.25,3.25,3.25,3.25,3.25,3.25,3.25,3.25,3.25,3.25,3.25,3.25,3.25,3.25,3.25,3.25,3.25,3.25,3.25,3.25,3.25,3.25,3.25,3.25,3.25,3.25,3.25,3.25,3.25,3.25,3.25,3.25,3.25,3.25,3.25,3.25,3.5,3.25,3.25,3.25,3.25,3.25,3.25,3.25,3.25,3.25,3.25,3.25,3.25,3.25,3.25,3.25,3.25,3.25,3.25,3.25,3.25
22,5.25,5.25,5.45,5.25,5.25,5.45,5.45,5.45,5.45,5.45,5.45,5.25,5.45,5.25,5.45,5.45,5.45,5.45,5.35,5.45,5.45,5.45,5.45,5.45,5.25,5.45,5.45,5.25,5.25,5.25,5.45,5.25,5.25,5.25,5.25,5.25,5.25,5.25,5.35,5.25,5.05,5.25,5.25,5.25,5.25,5.25,5.25,5.45,5.25,5.25,5.25,5.25,5.45,5.25,5.25,5.25,5.45,5.45,5.45,5.45,5.45,5.45,5.25,5.45,5.25,5.45,5.45,5.45,5.45,5.25,5.45,5.25,5.25,5.65,5.45,5.45,5.25,5.25,5.25,5.25,5.45,5.45,5.45,5.25,5.25,5.45,5.45,5.45,5.45,5.25,5.45,5.45,5.45,5.25,5.45,5.25,5.45,5.25,5.25,5.45,5.25,5.45,5.45,5.45,5.25,5.25,5.25,5.25,5.45,5.45,5.45,5.25,5.25,5.25,5.25,5.25,5.25,5.05,5.25,5.25,5.25,5.05,5.15,5.25,5.25,5.25,5.45,5.25,5.25,5.45,5.25,5.45,5.25,5.25,5.25,5.45,5.25,5.45,5.45,5.45,5.45,5.25,5.45,5.25,5.25,5.45,5.25,5.45,5.25,5.25,5.25,5.05,5.25,5.45,5.25,5.25,5.25,5.75,5.5,5.5,5.5,5.5,5.5,5.75,5.75,5.75,5.75,5.5,5.375,5.25,5.75,5.75,5.75,5.5,5.5,5.5,6,5.5,5.5,5.5,5.5,5.75,5.5,5.75,5.75,5.25,5.5,5.5,5.75,5.5,5.5,5.75,5.25,5.25,5.75,5.5,5.5,5.75,5.5,5.5,5.5,5.25,5.5,5.5,5.5,5.5,5.5,5.5,5.625,5.25
23,3.45,3.25,4.15,4.95,5.65,4.05,3.45,4.65,5,5.65,4.05,4.95,5.35,5.45,5.85,4.55,4.85,3.85,5.15,3.85,4.45,3.25,3.45,3.25,3.25,3.45,4.35,3.45,3.25,3.25,3.25,3.35,3.35,4.745,4.25,3.25,4.25,3.45,3.45,3.95,5.45,3.85,3.55,4.25,3.85,4.45,4.65,4.845,3.25,3.35,6.15,4.85,3.95,4.45,3.25,3.65,4.05,4.45,3.9,3.55,4.35,3.25,3.85,6.45,5.45,5.05,3.25,3.45,3.25,7.15,3.25,3.25,4.85,3.25,5.65,3.85,4.65,3.25,4.45,4.25,5,5.25,4.84,3.35,4.25,3.65,3.75,3.35,4.25,4.45,5.05,5.45,3.45,4.45,5.45,3.45,3.65,5.65,3.25,5.65,3.45,4.35,5.65,4.45,4.65,3.55,3.75,6.05,4.45,3.25,5.35,4.65,4.95,3.85,3.75,3.55,3.85,5.05,5.85,4.25,5.45,4.35,3.25,3.55,4.25,5.05,3.85,3.65,3.45,3.35,3.25,3.65,3.65,3.85,4.05,3.45,3.45,6.25,3.45,3.25,3.55,5.05,4.75,4.15,4.45,3.45,3.55,4.05,4.95,4.85,4.65,5.05,4.55,3.85,3.25,5.85,6.65,5,3.625,5.125,5.375,7,4.125,6.125,5.75,4.375,3.5,6.25,5.25,4,5.5,4.25,5.4,4.375,5.125,4.25,4.75,7,3.75,3.5,3.25,3.25,6.75,4.875,5.125,4.25,4,3.25,5.25,3.75,4.125,7.125,3.875,4.125,3.25,4.375,7.75,7,4.5,6.75,4.5,5.5,5.5,6,4.5,3.25,3.75,4.75,6.375,6.35
24,5.25,5.25,5.25,5.25,5.25,5.25,5.25,5.25,5.25,5.25,5.25,5.25,5.25,5.25,5.25,5.25,5.25,5.25,5.25,5.45,5.25,5.45,5.45,5.45,5.25,5.25,5.45,5.45,5.25,5.25,5.25,5.25,5.45,5.45,5.25,5.45,5.65,5.25,5.25,5.25,5.25,5.25,5.45,5.25,5.25,5.25,5.25,5.25,5.25,5.25,5.25,5.25,5.25,5.45,5.25,5.25,5.25,5.45,5.45,5.25,5.25,5.45,5.45,5.25,5.25,5.45,5.45,5.25,5.25,5.45,5.45,5.25,5.25,5.45,5.25,5.45,5.45,5.45,5.45,5.45,5.45,5.45,5.45,5.45,5.45,5.45,5.45,5.45,5.85,5.25,5.25,5.25,5.25,5.25,5.45,5.25,5.25,5.25,5.25,5.25,5.25,5.45,5.25,5.25,5.25,5.25,5.25,5.25,5.25,5.45,5.25,5.25,5.25,5.25,5.45,5.25,5.25,5.25,5.25,5.45,5.25,5.25,5.25,5.25,5.25,5.35,5.25,5.25,5.45,5.25,5.25,5.25,5.25,5.45,5.45,5.25,5.25,5.25,5.25,5.25,5.25,5.45,5.25,5.25,5.25,5.25,5.25,5.25,5.25,5.25,5.25,5.25,5.25,5.25,5.25,5.25,5.25,5.5,5.5,5.5,5.5,5.5,5.5,5.75,5.5,5.5,5.75,5.5,5.5,5.5,5.75,5.75,5.5,5.75,5.75,5.5,5.75,5.75,5.75,5.75,5.75,5.75,5.75,5.75,5.75,5.5,5.75,5.75,5.75,5.5,5.75,5.5,5.75,5.5,5.5,5.75,5.75,5.75,5.75,5.75,5.75,5.5,5.5,5.5,5.5,5.5,5.5,5.5,5.5,5.25
25,3.55,3.25,3.25,3.25,3.25,3.25,3.85,3.65,4.05,3.25,3.85,3.65,3.65,3.85,3.55,3.65,3.85,3.45,3.45,3.45,4.05,3.45,3.95,3.45,4.05,3.65,3.45,3.45,3.55,3.45,3.45,3.25,3.45,3.25,3.25,4.05,5.25,4.25,4.95,5,7.05,3.25,3.25,3.45,5.05,4.25,4.45,3.25,4.25,4.25,4.65,8.25,6.05,5.25,4.85,4.65,5.65,3.65,5.25,5.25,4.65,3.65,3.75,4.35,3.85,3.45,3.75,3.25,3.85,4.25,3.25,3.25,4.45,5.65,6.35,8.05,6.45,5.95,5.85,5.95,3.25,4.85,6.65,3.25,7.45,8.65,6.45,5.25,4.85,5.05,4.85,4.15,3.65,5.15,4.95,8.05,3.65,4.05,4.45,5.45,5.25,4.85,5.85,5.85,4.65,4.75,5.05,4.925,4.95,5.05,5.65,5.45,6.05,5.25,4.65,6.65,6.05,7.85,5.35,5.85,6.05,5.95,6.45,4.65,5.65,5.25,5.45,6.465,6.25,5.65,6.65,6.45,3.25,4.85,5.05,4.05,4.25,3.25,6.25,5.55,5,5.05,4.85,5.05,5.85,3.85,5.25,6,6.05,5.15,4.45,6.45,5.65,5.55,6.05,5.05,4.95,4.05,6.835,7.25,5.475,5.25,5.65,4.65,3.75,5.45,4.85,5.65,7.25,5.35,6.25,7.25,5.85,7.05,6.375,4.15,5.85,4.55,3.25,3.25,3.5,3.25,3.25,3.25,3.25,3.25,4.875,3.25,5,3.25,4.25,4.625,3.5,3.25,3.25,4.25,3.25,4,6.625,3.25,3.25,3.25,3.75,7.25,4,6,6.375,7.75,3.75,6.35
26,3.25,3.35,6.45,4.65,9.05,4.25,3.25,4.85,4.15,6.45,3.25,5.25,3.25,4.35,3.35,3.65,8.45,3.25,10.25,3.25,3.45,3.25,2.25,2.85,2.25,3.25,2.45,2.25,2.65,3.25,2.25,3.25,3.25,2.65,3.55,9.85,6.25,21.35,3.25,8.05,5.75,3.95,3.25,3.25,3.95,3.25,11.35,4.725,3.65,3.25,3.25,3.45,3.25,8.95,7.15,5.15,3.25,4.145,6.05,3.25,3.45,3.35,4.65,12.35,3.25,4.15,3.65,6.45,3.25,4.25,3.25,3.25,3.25,6.65,12.95,14.85,3.45,3.25,3.25,3.35,3.25,5.25,4.75,3.85,3.25,3.25,6.65,3.25,3.25,3.25,3.25,3.25,3.25,3.25,3.55,3.25,5.05,3.45,4.05,13.95,4.65,5.05,7.85,10.85,3.25,3.25,3.25,11.35,3.25,3.55,3.65,3.25,8.55,5.05,4.85,8.95,7.625,3.25,3.25,3.25,3.25,4.65,6.85,3.25,3.25,4.55,4.75,3.45,3.85,4.65,3.25,3.25,11.25,3.25,3.85,4.45,8.41,5.05,3.25,3.35,12.05,3.25,3.25,3.25,3.25,3.85,3.75,3.45,5.45,3.25,5.25,3.25,4.25,3.25,3.45,4.05,12.525,3.25,14.5,11.5,3.25,6.625,4.35,3.25,10.25,13.75,3.25,3.25,5.85,3.25,5,3.375,3.25,7.78,6.27,3.375,3.25,4.75,4,,3.25,4.75,5.5,6.875,3.25,3.25,6.25,3.25,3.25,,13,4.25,3.25,3.25,11.875,3.25,11.375,3.25,6,,3.25,3.25,12.75,3.25,,3.5,3.5,3.25,3.25,3.75
27,3.25,3.25,4.15,3.25,2.85,3.25,3.25,3.25,3.65,3.25,3.25,3.25,3.25,3.25,3.25,6.65,3.25,3.25,3.25,3.65,3.25,3.25,3.25,3.25,3.25,3.25,3.45,3.25,6.25,3.25,3.25,3.25,3.25,3.25,3.25,4.05,3.25,3.25,3.25,3.25,3.25,3.25,3.25,3.25,3.25,3.25,3.25,4.45,3.85,3.65,3.25,3.65,3.25,3.25,3.25,3.45,3.25,3.25,5.55,3.45,3.25,3.45,3.35,3.25,3.45,3.25,3.25,3.25,4.65,3.45,3.25,3.25,3.25,3.25,3.25,3.25,3.25,3.25,5.35,3.45,3.25,3.25,3.25,3.25,3.45,3.25,3.25,3.25,3.25,3.25,3.25,3.25,3.25,3.25,3.25,3.65,3.25,3.25,3.25,3.25,4.85,3.25,3.25,4.05,5.15,3.55,3.25,3.25,3.25,4.45,4.05,3.25,3.35,3.25,3.35,3.25,3.35,3.25,3.95,3.25,3.25,3.25,3.25,3.45,3.25,3.25,4.45,3.25,3.25,3.25,3.25,3.25,3.25,3.25,3.35,3.25,3.25,3.75,3.35,3.25,3.35,3.25,4.25,3.25,3.25,3.25,3.25,3.25,3.25,3.25,3.25,3.65,3.25,3.25,4.75,3.25,3.25,3.5,3.25,4.5,3.25,3.25,3.25,3.25,3.25,3.25,3.25,3.25,3.25,3.25,3.25,3.25,3.25,3.25,3.25,3.25,3.25,3.25,3.25,3.25,3.25,3.25,3.25,3.25,3.25,3.25,3.25,3.25,3.25,3.25,3.25,4.5,3.25,3.25,3.25,3.25,3.25,3.25,3.25,3.25,3.25,3.25,3.25,3.25,3.25,3.25,3.5,3.25,3.25,4.45
28,5.05,5.05,5.05,5.25,5.05,5.05,5.25,5.25,5.45,5.45,5.45,5.25,5.25,5.45,5.25,5.45,5.45,5.65,5.45,5.45,5.25,5.45,5.45,5.45,5.25,5.25,5.25,5.25,5.25,5.25,5.25,5.25,5.25,5.25,5.45,5.25,5.25,5.45,5.25,5.25,5.25,5.25,5.25,5.25,5.25,5.25,5.25,5.25,5.25,5.25,5.25,5.25,5.25,5.45,5.45,5.25,5.25,5.25,5.25,5.25,5.25,5.45,5.45,5.45,5.25,5.25,5.25,5.25,5.45,5.25,5.25,5.25,5.25,5.25,5.25,5.25,5.25,5.25,5.25,5.25,5.25,5.25,5.25,5.25,5.25,5.25,5.45,5.25,5.25,5.25,5.45,5.45,5.45,5.45,5.25,5.45,5.45,5.45,5.25,5.25,5.25,5.25,5.25,5.25,5.05,5.25,5.45,5.25,5.25,5.25,5.45,5.25,5.45,5.25,5.45,5.45,5.25,5.45,5.25,5.25,5.25,5.25,5.45,5.25,5.25,5.25,5.25,5.45,5.45,5.45,5.45,5.25,5.25,5.25,5.45,5.25,5.45,5.45,5.25,5.45,5.45,5.45,5.45,5.25,5.45,5.45,5.25,5.45,5.45,5.45,5.45,5.25,5.45,5.45,5.45,5.25,5.25,5.75,5.75,5.75,5.5,5.5,5.75,5.75,5.75,5.5,5.75,5.75,5.75,5.75,5.75,5.75,5.75,5.5,5.75,5.5,5.5,5.75,5.75,5.75,5.75,5.75,5.75,5.75,5.75,5.5,5.75,5.535,5.5,5.75,5.75,5.75,5.5,5.75,5.75,5.5,5.75,5.75,5.75,5.75,5.75,5.75,5.75,5.5,5.75,5.75,5.5,5.75,5.5,4.75
29,4.25,3.25,3.25,3.25,3.25,6.75,3.25,3.85,3.35,6.65,8.95,5.25,3.25,3.25,3.25,3.25,6.35,3.25,10,3.45,3.25,5.8,9.65,6.65,3.25,3.25,3.45,2.45,3.25,3.55,3.25,3.25,3.25,3.25,4.15,3.25,3.45,4.05,3.45,4.75,5.25,4.65,7.65,5.85,5.25,4.25,3.45,4.125,3.25,3.25,10.65,6.45,3.65,10.25,3.55,3.35,7.05,3.65,11.45,3.25,6.65,3.85,6.45,5.65,8.05,10.05,10.75,3.25,4.95,12.65,4.55,5.45,4.85,4.05,3.75,4.65,5.45,3.85,3.45,3.25,4.25,3.35,5.45,6.85,3.25,3.85,5.45,3.25,3.45,3.25,4.85,3.75,5.35,5.45,6.65,4.15,3.35,3.85,3.65,4.25,3.85,9.45,4.55,3.25,5.15,3.85,4.05,5.65,5.15,5.25,3.25,5.95,3.25,4.15,4.45,3.65,3.65,3.85,3.25,12,4.65,4.05,3.25,4.65,3.45,3.65,5.95,4.85,4.85,3.45,7.15,4.45,3.25,3.35,5.35,3.25,3.95,3.25,4.95,3.25,4.745,3.25,3.25,3.25,3.25,4.05,4.85,7.95,3.65,3.25,5.25,7.05,5.525,7.55,5.05,3.65,5.85,4.25,6.45,4.25,3.5,4.75,4.65,4,5.125,5.375,13.5,4.25,10.25,3.25,3.25,7.75,3.25,7.135,10.375,3.25,4,4,3.75,3.25,10.75,4.125,10,3.625,3.25,3.25,3.25,4.375,5.375,3.375,4.75,17.625,3.25,3.25,4.875,6.5,6.5,6,3.5,7.25,6.5,8.5,6.75,6.5,3.25,6.875,7.25,8.25,5.5,3.25
30,4.55,3.25,3.65,3.75,3.45,3.25,3.35,3.25,5.75,3.25,3.85,5.15,3.55,3.45,3.65,3.45,3.85,4.85,7.05,12.15,6.45,11.75,5.45,4.05,6.85,4.945,3.25,3.25,3.25,3.75,5.25,3.25,3.85,4.15,4.35,5.65,3.25,3.25,3.25,6.05,4.35,4.45,5.55,3.25,3.45,3.75,3.65,3.45,5.65,3.35,3.25,3.45,4.65,3.75,6.25,3.55,4.85,3.25,3.75,3.25,4.15,3.25,5.05,3.45,3.25,3.35,4.45,3.25,3.35,3.25,4.05,4.15,5.39,3.25,3.25,3.25,3.25,3.25,3.25,3.25,3.35,3.25,3.25,3.25,3.35,3.75,3.45,3.25,3.25,3.25,3.25,7.15,5.75,3.85,4.85,3.55,4.65,3.25,6.15,3.45,3.25,5.45,3.95,3.65,3.55,3.35,3.65,3.25,3.25,3.25,3.45,3.85,3.25,3.25,3.85,3.25,3.45,3.75,3.25,3.55,3.25,3.25,3.65,4.25,4.75,3.25,5.05,3.25,3.45,6.85,3.95,3.45,3.85,3.25,4.85,4.85,6.85,3.25,3.25,5.05,4.25,4.55,3.25,3.25,5.25,3.25,5.75,3.25,7.05,5.45,5.04,3.85,5.25,3.65,3.25,3.85,4.85,5.75,6.75,3.75,5.125,3.5,4.75,3.25,7.25,7.25,6.025,4.5,3.25,3.25,3.25,5.5,3.5,7.875,3.25,4.5,3.25,3.5,4,3.25,4,3.5,4.75,5.25,3.5,3.5,3.75,7.25,4.125,3.25,5.75,3.5,3.25,3.5,3.25,3.25,3.25,4.375,4.625,3.75,6.75,3.5,3.625,3.375,9.25,7,3.25,3.75,12.25,3.25
31,4.55,3.85,3.25,3.85,3.35,4.05,3.95,5.25,4.65,4.85,4.65,4.05,4.05,3.65,3.85,4.35,3.85,4.65,4.85,4.45,4.05,4.65,4.35,3.65,3.85,3.45,5.15,4.05,4.05,3.45,3.25,3.95,4.85,4.25,4.25,3.95,3.85,3.25,3.85,3.65,4.55,3.85,4.05,4.65,4.25,3.25,4.05,4.25,3.85,5.85,4.25,3.85,4.65,4.35,4.45,4.05,4.45,4.55,4.745,4.84,4.05,4.45,4.05,3.95,3.85,3.25,5.65,4.65,3.65,3.85,4.15,3.65,3.45,4.45,3.45,4.05,3.25,3.45,4.25,3.35,3.25,3.65,3.65,4.05,3.65,3.65,3.45,4.25,3.45,3.45,4.45,4.65,4.25,4.45,4.05,3.85,3.85,4.45,3.85,3.45,3.85,4.65,4.45,4.25,5.45,4.75,4.05,4.55,4.05,3.95,3.75,4.65,3.85,3.85,4.35,3.45,4.65,3.65,3.25,3.45,3.45,4.65,3.45,3.55,3.45,4.45,3.75,3.45,3.65,3.25,4.05,4.65,4.05,3.45,4.85,3.85,4.25,4.45,5.15,4.45,5.25,4.65,4.25,3.45,3.85,4.55,3.65,4.25,3.85,4.25,3.85,4.85,3.65,4.45,4.15,3.95,4.55,4.25,4.5,4.25,3.5,4.5,4.5,4.75,3.25,3.25,3.25,5.25,4.75,4.25,4,3.5,5,4.5,6,4.75,6,5.5,4,4.5,4.5,4.75,5.25,4.75,6.25,4.75,4,3.5,5,3.375,6,4.75,3.875,3.875,3.5,3.5,4.875,3.25,5.375,4.75,3.5,3.25,3.25,3.625,4.125,3.75,3.25,4.5,4.5,4.025
32,5.25,5.25,5.25,5.25,5.25,5.25,5.25,5.25,5.25,5.25,5.45,5.25,5.25,5.25,5.25,5.25,5.45,5.45,5.45,5.45,5.45,5.45,5.45,5.45,5.45,5.45,5.45,5.45,5.45,5.45,5.45,5.45,5.45,5.45,5.45,5.45,5.45,5.45,5.45,5.45,5.45,5.45,5.45,5.45,5.45,5.25,5.45,5.25,5.45,5.45,5.45,5.25,5.25,5.25,5.25,5.25,5.25,5.25,5.25,5.25,5.25,5.25,5.45,5.25,5.45,5.25,5.25,5.45,5.25,5.45,5.45,5.45,5.45,5.45,5.45,5.45,5.45,5.45,5.45,5.45,5.45,5.45,5.65,5.45,5.45,5.45,5.45,5.45,5.65,5.65,5.45,5.45,5.45,5.45,5.45,5.45,5.45,5.45,5.45,5.45,5.45,5.45,5.45,5.25,5.25,5.25,5.45,5.45,5.45,5.45,5.45,5.45,5.45,5.45,5.45,5.45,5.45,5.45,5.45,5.45,5.45,5.65,5.45,5.45,5.45,5.65,5.65,5.65,5.65,5.65,5.65,5.65,5.45,5.65,5.65,5.65,5.65,5.45,5.65,5.65,5.65,5.65,5.65,5.65,5.65,5.45,5.45,5.45,5.65,5.65,5.45,5.45,5.45,5.65,5.45,5.45,5.45,5.5,5.5,5.75,5.75,5.75,5.5,5.75,5.5,5.75,5.5,5.75,5.75,5.75,5.75,5.75,5.75,5.75,5.75,5.75,5.75,5.75,6,6,6,6,6,6,6,5.75,6,5.75,5.75,5.75,5.75,5.75,5.75,5.75,6,5.75,5.75,5.75,5.75,5.75,5.75,5.75,5.75,5.75,5.75,5.75,5.75,5.75,5.5,5.45
33,4.45,4.65,4.85,4.84,4.65,5.05,5.25,5.05,5.45,5.25,5.05,5.45,4.65,4.84,4.85,5.05,5.65,4.85,4.85,5.45,5.45,5.65,5.25,5.45,5.25,5.45,5.65,5.25,5.45,5.45,5.05,4.85,5.25,5.05,5.05,5.05,5.25,5.25,5.25,5.05,5.45,5.05,5.05,4.85,5.05,5.05,5.05,4.85,5.25,4.85,4.85,4.65,4.45,4.45,4.85,4.45,4.65,4.85,5.25,4.85,4.85,4.85,4.65,5.05,4.85,5.05,5.05,4.85,5.25,4.85,4.84,5.05,5.05,5.25,5.05,5.05,5.05,5.25,5.05,5.25,5.45,5.25,5.25,5.05,5.05,5.25,5.25,5.25,5.05,5.05,5.05,5.05,5.25,5.25,5.25,5.25,5.25,5.05,5.25,4.85,5.25,4.65,5.05,5.05,4.45,4.45,5.05,4.65,5.05,4.85,5.05,4.85,4.65,4.65,5.05,5.05,5.05,5.25,5.05,5.05,5.05,4.84,5.05,5.05,4.85,5.05,5.05,5.25,5.25,5.05,5.65,5.25,5.05,5.45,5.05,5.05,5.05,5.05,5.05,5.25,5.25,5.25,5.25,5.25,5.45,5.05,5.25,5.05,5.05,4.84,5.05,4.65,4.85,4.65,4.85,4.65,4.84,4.5,5.25,4.75,4.75,4.5,5.25,5.5,5,5,4.75,5.25,5.25,5.75,5.25,5.25,5.5,5,5.5,5.5,5.5,5.75,5.5,5.5,5.75,5.75,5.75,5.75,6,5.75,5.75,5.75,5.5,5.25,6,5.25,5.25,5.25,5.75,5.25,5.75,5.5,5.5,5.25,5.75,5.25,5.75,5.5,5.5,5,5.25,5,5.25,4.65
34,3.35,3.35,3.25,3.65,3.65,3.35,6.05,4.85,4.25,4.85,4.84,3.65,3.45,5.45,3.85,4.85,3.85,4.85,4.65,3.95,4.15,4.25,3.85,4.05,3.45,4.05,3.25,3.65,3.65,3.65,3.25,3.25,3.45,3.65,3.45,3.25,3.45,3.25,3.85,3.45,3.25,4.15,3.25,3.65,3.45,3.25,3.45,3.45,3.25,3.25,3.45,4.35,3.45,3.45,4.05,3.25,3.55,3.55,3.45,3.65,3.85,3.25,3.25,3.25,3.25,3.25,3.65,3.25,3.45,3.25,3.45,3.25,3.25,3.45,4.25,3.45,3.45,3.25,3.45,3.25,3.25,3.25,3.45,3.35,3.25,3.25,3.25,3.25,3.45,3.45,3.45,3.75,3.25,3.35,3.25,3.25,3.25,3.25,3.25,3.45,3.45,3.25,3.25,3.25,3.55,3.25,3.45,3.25,4.05,3.65,3.25,3.25,3.25,3.35,3.45,3.25,3.25,3.25,3.45,3.25,3.25,3.25,3.25,3.25,3.45,3.45,3.35,3.45,3.25,3.25,3.25,3.65,3.25,3.25,3.45,3.25,3.25,3.25,4.84,3.45,4.05,4.65,3.95,3.55,3.45,3.25,3.25,3.25,3.25,3.45,3.25,3.65,3.25,3.25,3.25,4.45,3.25,3.25,3.25,3.25,3.25,4.75,4.25,3.25,3.25,3.25,4,3.5,4,4.375,3.75,3.75,4.75,4.25,3.25,3.25,4.75,3.25,3.25,3.25,3.25,3.375,4,4.75,3.875,3.25,3.75,3.25,3.5,4.75,3.25,3.25,3.75,3.25,3.75,3.25,3.625,4,3.5,3.5,3.5,3.25,4.75,4.5,6.875,4.75,4.625,3.25,3.25,3.5
35,4.85,4.15,4.25,3.45,5.65,4.05,3.65,5.05,6.05,5.45,4.85,4.35,3.85,3.45,3.85,3.45,3.45,3.45,3.65,3.65,3.65,4.05,3.85,3.45,3.65,3.75,4.45,4.05,3.45,3.65,3.45,4.45,3.85,4.15,4.05,3.45,3.45,3.45,3.65,3.65,3.45,3.45,3.45,3.45,3.65,3.65,3.25,4.45,3.55,3.45,3.45,3.85,3.95,3.65,3.75,3.95,3.45,3.85,3.45,4.25,3.65,4.35,3.45,3.85,3.65,4.15,4.25,4.25,4.25,3.65,3.85,3.85,3.45,3.25,3.65,3.85,3.65,3.65,3.65,4.05,3.85,3.65,3.65,3.45,3.85,4.15,3.65,3.85,3.85,3.65,3.45,4.25,3.45,4.84,3.45,3.55,3.45,3.85,4.25,4.05,4.05,3.45,3.85,3.55,3.85,3.65,3.85,3.75,3.45,4.05,3.25,3.25,3.55,3.45,3.25,3.45,3.65,4.25,4.45,3.25,3.65,3.25,3.25,3.25,3.25,3.25,3.25,3.25,3.25,3.25,3.25,3.25,3.25,3.25,3.25,3.25,3.25,4.45,4.15,3.65,4.75,3.85,3.45,3.25,3.25,3.25,3.25,3.25,3.25,3.25,3.25,3.25,3.25,3.25,3.25,3.45,3.25,3.5,3.25,3.25,3.375,3.5,3.25,3.25,3.25,3.25,3.25,3.25,3.5,3.5,3.5,3.25,5,3.25,5,3.25,4.25,3.5,4,3.25,3.25,3.25,3.25,3.25,3.25,4.25,3.5,4.25,3.5,3.75,5.25,4.5,3.25,3.5,4.875,3.25,3.75,4.75,4.75,3.75,4.875,5,3.75,4.625,3.25,5.75,3.75,5.5,3.25,3.25
36,3.25,3.25,3.65,3.35,3.25,3.25,3.25,9.05,5.85,4.95,3.85,3.45,3.25,3.45,3.55,8.65,6.05,5.25,3.25,3.85,3.65,4.25,3.25,6.25,3.25,3.25,3.35,3.25,3.45,3.25,3.25,3.25,3.65,4.85,3.45,3.65,3.75,3.35,4.45,3.65,3.45,3.25,3.45,3.45,3.25,3.45,3.65,4.45,3.25,3.25,4.15,3.85,3.25,3.25,6.345,7.45,4.25,6.25,7.15,7.65,4.45,6.85,4.05,3.25,5.75,4.95,5.85,8.65,4.05,4.95,3.45,3.25,3.25,3.45,3.55,3.25,3.25,3.35,3.25,6.65,3.25,3.45,3.35,3.25,3.45,3.25,3.45,3.25,3.25,3.25,3.25,3.25,3.25,3.65,3.35,3.25,3.25,3.25,3.25,3.25,3.25,3.25,3.25,3.25,3.55,3.25,3.25,3.45,3.25,3.45,3.25,7.95,3.45,3.75,3.25,3.25,3.25,3.25,3.45,9.65,3.25,3.35,3.25,3.25,3.25,3.25,4.25,3.25,7.65,4.25,3.25,3.45,3.25,3.25,3.25,3.45,3.25,3.25,3.65,3.25,3.25,3.25,3.65,3.25,3.25,3.25,8.65,7.25,3.25,3.25,3.25,3.25,3.95,3.25,3.25,3.25,3.25,5,3.75,3.25,10.25,4,3.25,3.875,10.125,7.125,3.75,3.25,10.375,4.5,6,3.25,3.5,3.25,3.375,3.75,3.25,3.25,8.25,3.25,3.25,3.25,3.25,3.25,3.25,3.625,3.25,5,4.375,3.25,3.375,11.75,3.625,3.25,3.25,3.25,3.25,3.25,3.25,3.5,17.875,3.25,6.25,3.25,3.25,3.25,3.25,4.125,3.25,3.75
37,4.65,7.55,3.25,3.35,3.25,3.25,3.35,3.45,3.25,3.25,6.65,3.25,5.75,5.65,3.25,3.65,3.35,3.35,3.55,3.25,3.25,3.75,3.85,3.25,3.25,3.85,4.15,3.35,3.25,3.45,,3.45,3.25,3.25,4.35,3.35,3.95,3.25,3.65,3.45,3.75,5.45,3.25,3.65,3.25,6.45,5.15,3.25,3.25,3.85,5.25,4.15,3.65,4.95,8.85,3.25,5.75,3.25,3.25,3.35,3.25,3.25,5.85,6.15,3.45,3.25,6.25,6.75,6.65,3.25,3.25,3.25,4.25,4.05,5.15,3.25,3.25,3.25,3.45,3.25,5.05,3.25,3.25,3.25,3.25,3.25,3.25,3.25,3.25,3.35,4.15,3.25,3.25,3.25,3.45,3.25,15.575,3.25,3.25,3.75,3.45,3.25,3.25,3.25,3.25,3.25,3.45,3.25,3.65,3.55,3.25,4.8,4.35,4.65,8.65,3.25,3.25,4.85,3.25,8.75,3.45,3.25,3.25,4.05,3.25,3.45,3.85,3.25,3.25,3.25,3.25,3.25,3.25,3.25,8.45,3.25,6.05,3.45,3.25,3.25,3.55,3.25,3.25,3.25,3.25,3.25,3.65,3.85,3.25,4.05,3.25,3.25,3.25,3.25,3.65,3.25,4.05,3.25,3.25,3.375,5,3.25,4.75,3.25,3.25,3.5,3.25,3.25,3.25,3.25,3.375,4,,3.5,3.25,3.5,3.25,3.25,3.25,3.25,3.625,3.25,3.25,,3.25,3.25,3.25,15,3.25,3.5,3.875,3.25,5.25,3.25,3.5,3.25,4.125,3.75,3.25,3.25,3.25,6.5,3.5,3.5,3.25,4.375,3.25,,,3.25
38,5.25,3.85,3.25,4.84,3.95,4.15,3.75,4.85,6.65,5.05,5.65,3.85,3.45,4.35,4.945,6.25,4.65,6.45,3.45,6.05,7.15,6.45,4.65,4.05,3.25,4.45,3.45,3.45,3.85,3.45,3.45,3.25,3.85,4.95,4.05,4.85,5.45,5.45,7.05,7.25,4.25,4.75,4.65,6.25,4.45,4.65,6.45,4.05,6.45,5.05,4.25,6.05,5.25,5.25,5.95,5.25,4.95,5.65,5.05,5.25,5.15,4.85,4.85,5.85,5.65,5.15,7.95,5.05,5.25,5.05,5.95,4.85,4.65,4.65,3.85,4.25,4.25,4.45,4.95,6.65,5.25,4.85,4.85,5.45,5.15,4.05,3.85,4.05,3.85,4.25,3.25,4.55,3.65,4.745,5.05,4.05,4.15,3.45,3.45,3.85,3.55,4.65,3.85,4.85,4.25,5.25,4.15,4.55,4.05,4.85,5.35,4.65,5.25,5.45,5.05,5.25,4.35,4.25,3.65,4.85,4.85,5.25,4.05,4.35,5.55,4.45,4.45,4.65,6.05,7.05,4.65,5.45,5,5.05,4.75,4.45,3.25,4.05,4.25,4.45,4.35,4.65,5.05,4.05,4.05,5.45,3.35,5.45,5.45,4.25,4.45,6.05,4.85,5.45,4.65,4.65,5.85,5,6.25,5,7.25,4.75,5.5,6,6.75,7.375,6.625,5.75,6.875,6.25,6.5,6.25,5,4.75,4.25,5.125,4.25,4.625,3.25,5.375,4.5,3.375,5,4.25,3.75,4.625,3.875,4.875,3.75,6.25,5.125,5,4.5,4.5,5.5,3.25,4.25,3.625,4.75,3.625,6,4,3.75,5,3.25,4.875,3.25,3.375,5.5,5.15
39,3.25,3.85,3.45,3.25,3.35,3.25,3.45,4.05,4.65,4.05,4.65,3.75,4.05,4.45,3.65,3.65,3.85,4.05,4.65,4.45,3.45,5.05,3.45,3.45,3.25,3.45,3.55,3.45,3.45,3.55,3.45,3.45,3.45,4.05,3.45,3.25,3.45,3.35,3.65,3.85,3.45,3.25,3.45,4.25,3.25,3.25,3.45,3.45,3.45,3.25,3.45,3.85,3.85,3.25,3.45,3.85,3.45,4.85,4.45,3.95,4.05,4.65,3.45,3.65,4.25,3.45,3.95,4.65,3.65,3.65,3.85,3.55,3.65,3.85,3.25,3.45,3.45,3.25,3.25,3.65,3.65,3.65,4.25,3.25,3.25,3.25,3.65,3.85,3.25,3.45,4.45,3.85,3.25,3.65,3.45,3.85,3.25,3.25,3.65,3.45,3.35,3.45,3.45,4.25,4.45,4.65,3.65,4.05,3.25,4.15,3.45,3.75,4.05,3.7,3.65,3.65,5.05,3.75,3.45,3.45,4.45,4.55,4.05,3.75,3.65,4.25,3.65,4.15,3.45,3.25,3.85,4.15,3.85,3.65,4.45,3.25,3.35,3.45,3.25,3.85,3.85,3.35,3.45,3.45,3.65,4.45,4.15,3.45,3.25,3.35,3.65,3.65,3.25,4.15,3.65,3.85,4.25,4.25,4.125,4.875,4,4,4,5.75,4.125,3.75,5,3.25,5,3.5,3.5,4.5,3.75,4.5,3.5,3.75,5.25,4.375,3.5,4,3.25,4.25,4,5.5,6.125,3.5,4.125,4.25,5.5,4.5,5.75,4.625,3.25,3.875,3.875,6.25,3.25,3.5,3.875,3.25,3.5,4.125,3.875,3.75,4.375,4.25,3.25,3.375,4,5
40,5.25,3.25,3.45,3.25,3.25,3.45,3.25,6.75,10.05,3.25,3.25,3.25,4.85,3.25,12.4,18.35,3.25,4.35,3.25,3.25,3.75,10.25,4.25,3.45,3.25,3.25,3.25,3.25,3.25,3.85,4.95,3.65,6.05,10.65,5.75,3.85,4.85,3.25,3.85,3.85,3.25,3.45,3.35,10.25,4.05,4.65,4.05,7.85,3.45,3.45,3.35,10.05,3.85,6.05,3.65,5.05,5.55,3.25,3.25,9.25,4.15,3.45,3.25,9.05,3.45,4.15,3.45,4.25,5.85,3.25,3.25,3.25,6.05,3.25,3.25,3.25,3.25,3.25,3.25,3.25,3.25,3.25,5.65,3.45,4.25,3.25,3.45,5.25,3.65,3.45,3.25,3.25,3.25,3.85,3.25,3.45,3.25,3.25,3.75,4.25,3.25,3.35,3.25,3.25,3.25,3.25,4.05,4.65,3.25,3.45,4.55,5.65,3.75,3.25,3.55,3.45,3.35,3.45,3.25,3.45,3.25,3.25,4.05,3.65,7.45,3.25,3.25,3.35,3.25,4.05,3.45,3.45,3.55,3.25,6.45,3.25,3.25,3.45,3.25,3.25,3.55,3.25,4.25,4.35,3.25,3.25,3.25,3.25,3.85,3.25,3.25,3.65,4.25,4.52,3.25,3.65,3.25,3.5,5,3.875,3.75,4,3.5,3.25,5.25,3.25,3.25,7.75,4,4.5,3.875,6.75,4,4.25,3.25,4.5,3.25,3.25,3.5,3.25,3.25,3.5,3.25,3.25,3.25,3.625,3.25,3.25,3.25,3.5,3.25,3.625,3.5,3.5,3.75,3.75,3.25,3.25,3.25,4.125,3.5,3.375,4.5,4,4,6.75,3.25,3.25,3.25,3.875
41,4.45,5.05,4.85,4.85,4.84,5.25,4.45,5.25,5.25,4.85,5.25,4.85,4.45,5.05,4.45,5.25,4.95,4.85,5.05,5.05,4.745,4.65,5.05,5.25,4.65,5.05,5.05,4.25,4.85,4.85,4.95,4.85,4.45,4.45,4.25,4.85,5.05,5.25,4.85,5.25,4.85,5.05,5.05,5.35,4.85,5.25,5.05,5.05,5.05,4.85,4.85,4.85,5.05,5.45,5.05,5.25,5.45,5.45,5.05,5.05,5.45,5.25,5.25,5.05,5.05,5.45,5.15,5.25,5.45,5.25,5.25,5.05,5.05,4.85,5.25,5.15,4.85,5.05,5.05,5.05,4.85,5.25,4.65,5.15,5.25,5.05,5.25,4.85,5.05,5.25,5.05,5.25,5.25,5.25,5.45,5.05,5.05,5.25,5.25,5.05,5.45,5.25,5.25,4.85,4.65,5.25,5.45,5.05,5.45,5.65,5.25,5.25,5.25,5.45,5.45,5.05,5.25,5.25,5.25,5.05,5.25,5.45,5.25,5.25,5.25,5.25,5.25,5.05,5.25,5.05,5.25,5.05,5.25,4.85,4.65,4.85,4.85,5.05,5.25,5.25,5.05,4.85,4.85,5.45,5.05,5.05,5.25,5.25,5.05,5.25,5.05,5.05,5.25,5.15,5.15,4.65,4.75,5.25,5.625,5.25,5.5,5.125,5.75,5.5,5.5,5.25,5.25,5.5,5.125,5.75,5.75,5.75,5.75,5.75,5.75,5.25,5.75,6,6,5.75,5.5,6,5.25,5.5,6,5.75,5.75,5.75,5.75,5.75,5.5,5.5,5.25,5.5,5.75,5.5,5.5,5.5,5.75,5.25,5.5,5.875,5.5,5.5,5.5,5.5,5.25,5.75,5,4.45
42,3.25,3.25,3.25,3.25,3.55,3.35,3.25,3.95,4.65,3.25,6,3.25,3.25,6.05,4.05,3.35,3.45,3.45,4.05,3.25,11.45,3.45,3.45,5.25,3.25,3.25,5.25,3.25,3.25,3.25,3.45,3.25,3.25,3.25,3.85,4.45,3.25,3.45,3.25,3.45,3.25,3.55,3.75,3.45,3.45,5.65,3.65,4.45,3.65,3.35,3.45,3.75,4.25,4.05,3.25,3.45,3.25,3.25,3.25,3.25,3.55,4.35,3.85,3.25,3.25,3.45,4.25,3.25,3.25,3.25,3.65,3.25,3.25,3.25,3.65,3.25,3.25,3.25,4.25,3.65,4.85,7.25,3.9,4.05,3.75,3.35,3.25,5.05,3.25,4.45,3.25,4.45,3.65,3.35,3.85,3.25,3.25,3.25,3.95,3.25,3.55,3.25,3.45,3.25,4.35,3.25,4.25,4.05,4.05,3.45,3.35,3.35,4.45,3.25,3.25,3.65,4.45,4.45,3.45,4.15,4.55,4.85,4.35,3.85,3.45,4.45,4.05,3.55,4.05,4.15,4.65,5.05,4.65,3.25,4.85,7.85,4.65,3.25,4.05,4.325,4.25,3.45,3.25,3.25,4.85,3.25,3.25,3.45,4.05,4.15,3.75,3.25,3.65,4.45,4.85,3.85,6.25,7,7.375,5,4.25,4.375,5.25,4.875,4.5,5.875,3.625,3.25,5.5,9.25,4,3.25,3.25,4.75,3.25,3.25,3.25,3.25,3.25,3.25,3.25,3.25,4.625,3.75,3.25,3.25,3.25,5.25,4.25,4,3.25,4,7,3.25,3.25,3.5,3.375,3.25,4.125,3.625,3.25,6.5,3.25,3.375,3.25,6.75,4.25,4.75,5.25,3.25
43,3.65,3.25,3.25,3.25,3.25,5.05,3.45,5.45,4.45,4.65,3.95,4.65,3.25,5.65,4.55,3.45,3.25,3.25,3.7,3.25,3.55,3.25,3.45,3.35,3.25,3.45,5.045,4.85,3.25,3.45,3.25,3.45,4.15,4.25,4.25,4.25,3.75,3.55,4.75,3.95,4.35,3.25,3.25,3.85,3.95,3.95,5.05,3.45,4.05,3.25,7.05,3.85,4.55,4.25,4.65,4.05,4.55,5.35,4.75,3.65,4.75,4.45,4.05,4.25,3.25,4.25,4.05,3.35,5.85,5.45,3.45,3.65,3.45,4.05,4.45,4.35,5.25,3.25,4.55,4.75,4.05,4.05,4.45,5.05,4.05,3.25,4.15,3.25,3.45,3.25,3.25,3.25,3.25,3.25,5.05,4.25,4.05,4.75,4.95,4.745,4.05,4.55,3.45,3.55,3.25,4.35,3.25,3.25,3.45,4.45,4.25,5.75,4.65,4.84,4.65,3.45,3.65,3.25,4.15,4.65,5.05,4.35,3.45,3.75,3.85,3.25,3.25,3.25,3.95,3.75,4.65,3.45,4.45,3.25,3.25,3.85,4.05,4.25,3.65,3.65,3.45,3.85,4.05,3.45,3.65,3.65,3.65,4.05,5.25,3.25,3.55,4.25,5.25,4.25,3.25,3.35,4.05,3.5,3.75,4.125,4.25,6,4.725,4.75,4.25,5.5,3.75,5.625,3.75,4.5,5.125,4.125,3.25,5,3.25,5,3.5,3.5,3.875,3.25,5.5,4.25,9.5,3.375,4.5,7.5,7.125,3.25,5.5,3.25,4.25,5,3.75,5.75,7,3.75,3.75,3.25,4,4.5,4.25,4.5,4.5,8.25,4.5,5.75,5.125,3.25,5.875,4.05
44,5.05,5.85,5.25,3.55,3.85,3.45,4.25,3.45,5.85,7.25,6.45,4.84,5.55,4.25,8.45,6.75,8.25,4.45,6.25,4.845,4.95,3.25,7.45,4.65,3.65,3.85,5.05,3.35,3.25,4.245,3.45,3.45,3.55,3.45,3.95,5.05,3.45,4.25,3.45,3.95,5.75,4.05,4.25,3.25,3.25,5.05,8.05,4.25,5.15,4.84,4.45,3.65,6.25,3.85,3.65,3.45,3.45,4.65,5.65,5.75,7.45,6.25,4.84,4.645,4.45,3.85,3.65,5.25,6.85,6.05,3.45,3.65,5.95,4.35,4.45,5.85,4.45,6.45,6.65,5.35,7.25,9.525,6.05,7.05,6.45,6.05,6.05,11.45,5.45,4.35,4.85,6.15,3.85,9.425,6.25,5.65,6.55,7.25,5.95,5.75,5.65,6.05,6.75,7.05,3.65,10.45,6.75,5.25,11.6,10.45,4.25,4.545,5.65,6.25,8.65,5.85,11.415,9.65,6.45,6.05,11.6,6.25,11.525,6.45,6.85,9.65,6.75,8.05,5.85,6.85,5.25,10.65,7.45,7.65,7.65,6.95,7.25,6.15,3.95,5.85,6.85,10.85,8.05,5.85,10.8,5.55,6.65,5.65,6.825,10.45,5.85,6.25,11.6,7.35,4.85,6.85,6.25,7.475,6.375,11.5,11.6,9.25,10,11.6,11.6,6.5,10.125,11.6,11.6,10.15,11.6,8,11.6,9.44,7.75,5.75,10.75,10.25,9.375,11.6,9,5.75,9.125,9.25,6.375,9.5,8.5,7.25,8.5,7.5,11.6,11.6,6.75,11.6,5,8,9.125,9.875,11.6,11.6,11.6,11.6,7.5,11.6,11.3,11.6,11.55,7.25,6.625,5.845
45,3.25,20.1,3.65,3.25,3.45,3.25,3.25,3.25,3.25,3.75,9.85,3.65,11.6,3.65,3.75,3.45,9.05,3.25,19.45,11.95,5.15,3.75,12.225,21.25,3.25,3.35,18.25,8.25,3.25,3.25,3.25,5.05,5.645,11.95,3.25,3.95,4.65,7.65,3.25,28.55,3.25,3.25,3.45,16.45,3.25,6.25,5.05,6.95,3.25,3.25,8.15,4.05,3.35,4.25,5.05,3.45,4.45,4.05,3.25,5.45,3.25,4.85,4.85,4.15,5.05,3.85,5.25,3.25,3.25,18.35,3.25,3.25,3.45,18.25,3.25,3.35,15.85,3.25,3.25,3.25,3.25,4.95,3.25,3.25,11.6,3.65,24,3.25,12.275,3.85,1.69,20.1,15.175,3.25,3.35,3.85,3.25,3.25,3.25,3.25,3.25,3.25,3.45,3.25,5.65,20.1,3.85,7.05,3.25,3.25,3.55,10.05,4.05,5.55,4.85,7.25,6.45,3.25,32.375,,3.7,4.15,4.25,14.575,9.25,3.25,3.25,13.65,4.45,3.25,3.25,3.45,4.65,6.95,5.75,13.975,3.45,10.25,4.15,4.75,4.84,4.45,3.25,8.25,4.25,8.65,4.85,3.95,6.85,3.25,5.85,6.65,5.345,4.445,5.85,3.65,4.85,3.75,7.75,30.765,5.5,17,5.75,3.25,4,5,4,5.75,5.25,5.25,4.5,5.5,3.25,3.25,3.25,4.25,6,3.25,3.25,3.25,3.5,3.25,3.25,,3.375,3.375,3.5,8.25,5.25,,3.75,4.25,5.25,,3.25,3.25,3.25,4.25,3.25,5.75,4.375,3.25,6,3.25,5,20.1,9.875,3.25,3.25,4.75
46,3.25,3.55,6.05,3.25,3.25,3.45,10.15,3.25,8.25,5.25,3.25,3.45,4.65,11.25,3.65,5.85,3.35,4.25,4.25,12.725,4.65,3.25,3.25,3.45,7.95,4.75,6.25,3.45,4.55,3.35,3.25,3.85,12.05,3.25,3.25,3.85,4.55,4.55,3.95,3.25,3.25,3.25,3.25,3.45,3.25,12.75,3.35,3.25,4.25,3.25,4.25,4.75,3.25,3.45,5.75,3.35,3.25,3.25,5.05,5.55,8.05,7.45,5.45,3.85,5.25,3.45,3.55,3.65,3.45,3.65,4.25,3.25,3.25,3.95,3.25,3.35,3.25,3.25,3.25,3.25,3.25,3.25,3.25,3.25,9.65,3.95,6.65,5.25,3.65,3.25,3.25,22.65,3.25,5.25,3.25,3.25,3.25,6.25,3.25,4.65,3.25,3.45,3.25,3.35,3.25,3.25,3.25,3.85,3.95,3.25,3.85,3.45,3.25,6.45,3.25,4.25,3.25,3.25,4.05,3.25,6.05,3.85,3.25,3.25,3.35,3.25,3.45,3.25,4.05,12.05,3.65,3.25,3.25,3.25,3.25,3.35,3.25,3.25,3.25,3.25,3.45,4.35,3.45,3.25,4.25,4.95,3.25,3.35,3.25,3.25,4.05,5.25,3.25,3.25,5.85,4.25,4.05,3.25,4.375,3.25,3.25,3.25,3.25,5.5,3.375,3.25,3.25,3.25,4.5,4.625,3.25,25.25,3.25,4.5,3.25,5.375,3.25,3.25,3.25,12.75,3.25,3.5,8.875,20.75,5.25,4.125,4.25,8.5,3.25,3.25,4.625,5.125,3.25,3.25,4,3.25,3.25,,4.875,3.25,4,5.25,3.25,5.5,10.875,4.25,3.25,12,3.375,3.25
47,,,,,,3.25,,18.25,17.25,,13.65,,,2.75,15.95,,,8.75,,,,3.25,3.45,22.05,,6.35,10.05,3.25,7.85,,3.45,,3.25,36.9,18.45,,,,3.25,3.25,3.25,22.35,83.25,,,,6.25,,3.25,,,13.05,,14.45,,,,,,11.6,4.85,3.25,30.85,,,,,7.05,3.25,,6.45,20.1,,3.25,8.25,3.25,3.25,3.25,,3.25,3.25,3.25,3.25,3.25,20.45,,3.25,3.25,3.25,,,,,3.25,3.25,,7.425,,3.25,,,3.25,,,,,3.25,,,,7.825,17.85,12.45,7.85,12.85,,3.25,,,,,27.9,27.9,,28.725,,7.85,9.25,,4.85,3.65,6.35,8.75,6.45,6.65,3.25,27.9,,,3.25,3.25,,20.1,3.25,,,,,14.85,,2.02,3.25,3.25,,6.05,,3.25,11.675,3.25,11.6,,3.25,15,6.25,11,6.5,7.5,,,11.675,40.25,,,,,,,,,,,,,,,,,15.575,,,,,11.5,5.5,,,,,16,,,,,,,,,,,
48,3.25,6.65,3.25,3.25,3.25,5.05,3.25,18.25,14.65,3.35,3.25,4.85,4.45,9.85,3.85,3.25,3.25,3.25,3.25,3.25,3.65,3.25,3.25,6.05,3.25,3.25,3.25,3.45,3.25,3.25,3.25,3.25,3.25,3.25,3.25,3.25,3.25,3.25,3.25,3.25,3.25,3.25,3.25,3.25,6.65,5.95,3.25,4.45,5.15,7.85,4.65,5.25,5.05,3.35,4.85,5.85,3.85,6.95,9.85,3.25,7.45,7.25,4.85,19.55,5.45,3.25,3.75,3.45,15.85,20.1,4.45,4.65,7.05,5.65,6.25,4.55,3.25,3.25,3.25,10.55,3.85,3.25,4.65,6.35,4.15,7.45,4.25,9.225,4.25,3.25,4.25,4.65,3.25,3.25,3.25,3.25,4.05,3.75,5.85,4.45,3.35,5.05,3.25,3.25,3.45,3.25,4.25,3.85,10.05,4.65,7.85,5.65,4.95,4.85,6.65,3.85,4.35,3.65,3.25,15.575,8.45,3.65,3.25,5.45,9.65,14.2,3.45,5.05,3.35,6.25,6.15,12.975,6.25,4.85,7.45,8.05,3.45,9.35,3.25,26.725,3.75,3.85,4.15,5.45,9.85,5.95,4.05,4.85,7.05,9.05,15.275,4.45,4.85,3.55,4.05,3.65,3.85,3.5,3.75,3.5,3.5,3.5,6.375,4.5,4.25,3.75,5.75,3.625,3.25,5,3.5,3.375,3.75,3.25,21.625,3.375,,8.875,3.25,3.25,3.25,5,3.25,7.5,3.875,3.25,3.25,6.75,3.75,3.25,,8.125,3.25,3.75,3.25,3.25,3.25,4.5,5.25,3.25,3.5,8,3.25,3.5,3.25,3.5,3.75,3.25,,3.25
49,7.05,3.35,3.25,3.25,3.25,3.25,4.45,3.25,3.25,4.45,3.65,9.45,3.25,3.35,4.45,6.35,3.55,4.65,3.25,7.75,24.95,8.55,8.15,6.05,3.35,8.05,4.45,8.55,3.45,3.25,3.95,3.25,17.85,4.25,19.35,10.65,3.25,3.65,9.35,8.95,9.65,5.55,4.25,6.25,6.95,24.05,7.85,7.45,5.55,6.35,5.65,7.05,3.65,3.45,15.35,4.25,4.65,15.25,8.05,5.85,4.85,7.85,13.25,7.05,7.45,7.05,5.55,6.55,7.15,8.05,6.05,3.25,5.85,8.65,4.65,4.55,6.65,3.25,3.25,7.15,6.05,6.45,3.25,6.65,3.25,4.05,4.85,3.25,3.25,3.25,3.25,3.25,3.35,5.45,11.6,6.85,4.65,3.25,3.45,6.25,8.425,23.05,3.45,3.85,7.65,5.145,9.75,3.25,3.25,4.25,3.45,6.85,6.75,6.45,7.95,7.25,6.45,6.85,6.25,7.05,7.05,7.45,6.75,6.95,6.95,6.45,6.65,7.05,7.05,7.05,6.85,6.65,7.05,6.65,6.65,6.85,7.25,6.45,7.25,6.55,6.85,7.05,6.75,6.45,6.45,6.65,7.65,6.85,7.25,6.65,6.85,6.85,6.85,6.85,6.85,6.65,6.45,6.75,7,7.5,6.5,7,6.875,7,7,6.75,7.5,6.875,6.75,6.25,7.5,7.25,7,7.25,7.25,7.125,6.75,7.25,7,7.75,7.75,7.25,7.25,7,7.125,6.75,7,7.5,7.25,7,6.5,6.5,7.75,3.875,7.375,7.25,3.25,7.5,8,7.5,7.5,6.75,7.5,6.75,7,7.5,7.25,6.5,6.75,6.75
50,11.6,3.25,3.45,3.25,3.25,3.25,,12.65,3.25,4.75,4.45,7.85,3.25,,3.25,3.25,3.25,21.85,3.45,3.25,,7.45,2.45,,0.01,11.6,3.25,11.75,3.25,3.25,3.25,15.65,2.25,,3.25,16.25,4.05,3.65,,3.25,3.45,16.95,7.425,20.075,9.425,20.075,,39.45,37.75,7.425,19.35,,,14.85,27.55,11.6,3.25,3.25,12.85,13.95,4.05,3.25,3.45,5.05,3.25,20.1,3.45,3.25,26.05,9.325,,3.65,14.275,6.85,4.05,19.45,3.75,3.45,3.25,,,3.25,,,3.25,,3.25,,14.65,15.425,25.075,3.25,3.85,,,,3.65,8.85,3.25,,3.75,3.35,3.35,,,7.425,3.75,3.25,3.25,3.55,3.25,3.45,3.25,5.25,3.25,3.25,,3.45,6.85,6.65,11.15,11.675,3.45,15.575,11.675,3.25,,11.675,,3.25,5.15,5.95,,3.25,3.25,3.25,8.65,,,,4.45,,3.45,5.05,3.25,3.35,,11.675,3.25,3.25,3.25,3.25,7.05,,3.25,32.075,,5,9,3.5,,3.25,5.75,8,3.5,6.75,13.625,7.5,7.875,6.5,,25.25,7.75,6.75,3.25,3.25,3.25,,3.25,3.25,,3.5,,3.25,3.75,,3.25,3.375,16.375,3.25,9,,,3.25,,,3.25,3.5,,3.5,3.5,9.375,,10.5,3.5,,3.25,,3.25,
51,3.55,4.85,3.35,3.25,3.25,5.85,3.85,5.25,4.05,3.45,4.45,3.25,3.25,6.65,4.25,3.25,16.25,9.325,4.55,5.05,3.25,5.05,4.35,11.625,2.85,3.55,4.25,4.65,3.25,3.35,3.25,3.25,17.55,5.65,11.6,3.85,9.025,3.95,8.45,6.25,7.425,3.25,11.6,3.65,3.25,9.325,3.45,3.45,3.25,7.25,11.025,4.55,3.25,3.45,3.65,3.8,3.65,7.95,3.25,5.45,27.05,5.65,28.675,12.675,3.25,3.25,20.1,27.9,3.35,20.1,3.25,24,3.75,11.875,20.1,3.25,17.85,3.55,11.6,15.85,3.25,8.425,3.65,13.25,3.45,3.85,4.45,3.65,3.25,3.25,19.75,5.15,5.05,20.1,3.25,3.45,3.25,3.45,20.1,3.25,3.45,11.6,3.65,7.75,15.875,3.25,11.6,3.45,3.25,6.25,5.35,7.85,3.35,3.45,3.85,11.65,4.45,3.45,3.25,3.85,3.25,7.25,4.25,3.35,3.25,4.05,4.05,3.95,3.35,3.75,4.95,3.25,3.25,20.1,8.245,4.45,18.75,3.35,3.65,8.85,37.025,5.95,15.575,4.25,8.45,4.65,4.57,4.25,3.25,3.65,4.65,3.45,3.55,3.85,3.35,3.25,4.05,4.75,4.875,4.875,20.1,5,20.1,7.875,5.5,20.1,19.175,9.375,11.6,27.9,6.625,4,3.25,3.375,25.075,27.9,8.25,4,3.25,3.75,3.25,16.2,3.625,15.7,4.75,3.625,3.375,3.25,3.625,4.375,27.9,3.25,,3.75,4.25,3.25,4.125,15.575,3.25,11,9.25,3.375,27.9,11.6,16.075,3.25,3.5,9.75,3.25,3.25
52,,,3.25,3.45,3.25,,,31.45,3.35,3.25,2.75,3.35,3.25,3.25,3.25,3.45,,3.25,3.25,3.25,,,,3.25,3.25,,,4.45,3.25,3.25,,,,,27.65,,3.25,,,,,3.95,,37.85,3.45,3.25,3.25,32.45,,,4.85,,,,,26.25,,,35.65,,,4.15,40.45,3.25,3.25,3.25,,3.25,3.25,,,3.25,,,5.25,3.25,,4.65,,3.25,93.55,,3.25,3.25,11.65,3.25,,3.25,8.05,3.25,3.25,3.25,3.25,,,,3.55,3.25,3.25,3.25,3.25,3.45,3.25,3.25,,,,3.25,,,21.6,,4.25,3.25,,,3.25,,3.25,3.25,3.25,,3.25,,,,,,3.25,,,6.65,,,3.35,6.25,3.25,,3.25,7.05,89.55,7.85,,20.25,3.25,7.75,3.25,6.45,13.65,3.25,,,3.25,3.25,,18.675,,4.5,,6.5,3.25,,3.25,,,24.5,,35,3.25,45.5,13.875,14.25,,3.25,,,,4,3.25,3.25,,16.25,,,3.5,30,,75.75,,,,,,,,3.25,,,,,241.25,3.25,,13.25,,,,,,
53,2.85,4.05,36.9,3.25,22.875,3.55,3.25,3.65,5.45,8.65,9.65,16.05,36.9,36.9,20.075,4.45,43.05,21.1,,,,,3.25,3.25,3.85,,11.675,20.1,3.45,36.9,3.25,33.05,36.9,24.25,36.9,3.25,4.05,5.25,3.5,8.65,20.1,23.575,3.25,3.85,4.75,4.25,11.25,35.15,3.25,3.95,,,4.85,7.25,5.05,23.775,3.25,20.1,4.45,7.525,11.6,4.55,4.75,4.85,4.05,12.675,11.675,,11.675,3.25,3.25,7.65,20.1,3.65,20.1,5.15,11.875,7.425,20.1,20.1,,4.25,20.1,7.725,3.25,20.1,24,20.1,20.1,18.475,15.85,13.475,11.6,3.65,11.6,12.45,12.775,20.1,3.65,20.1,4.75,3.25,20.1,3.25,8.85,3.25,27.9,20.1,11.6,10.85,12.275,20.1,3.65,20.1,20.1,3.35,20.1,3.25,20.1,5.75,20.1,4.95,20.1,20.1,20.1,17.45,20.1,20.1,20.1,20.1,20.045,12.99,20.1,20.1,20.1,20.1,20.1,20.1,20.1,20.1,20.1,20.1,20.1,20.1,20.1,20.1,11.6,11.875,20.1,20.1,20.1,20.1,20.1,18.89,20.1,12.99,4.55,20.1,20.1,20.1,20.1,20.1,20.1,11.6,20.1,20.1,20.1,20.1,20.1,20.1,20.1,,3.25,,,3.5,,11.675,3.25,11.675,,3.25,20.1,20.1,,3.25,42.925,4,12.925,3.25,20.1,20.1,,3.25,20.1,6,,11.8,3.75,20.1,3.25,3.375,8,,20.1,3.25,20.3,3.25,3.25,3.25
54,3.65,,,4.45,5.45,36.9,,,,3.25,,3.85,,,3.25,,,,,,,,,,,4.85,,,,,3.45,,,20.1,,11.6,,,3.25,,,11.6,,,,,,3.25,,,3.25,3.25,6.85,,11.6,,5.25,3.55,,3.25,20.725,3.25,34.45,,28.65,7.35,27.375,20.1,,7.05,3.25,,,3.25,27.9,11.6,,11.475,24,4.75,,27.9,,20.1,,,3.25,,15.575,20.1,,20.1,11.6,20,3.25,11.6,11.6,,20.1,,11.675,24,,,,20.1,,11.775,,3.45,7.525,20.1,5.05,14.975,20.1,20.1,20.1,3.45,20.1,3.25,,,,30.875,20.1,,3.65,3.25,20.1,3.25,27.9,,11.675,13.25,,19.65,29.45,20.1,27.9,,,,3.25,20.1,,3.25,,,20.1,,,20.1,27.9,,32.85,,3.25,,,,11.6,6,3.25,28.5,,26,,26.5,12.55,,3.5,5.25,3.25,,,,,,3.25,,,3.5,,,,,,,,,,,,,,,,,,,,,3.5,,3.5,,49.5,,,34.75
55,3.25,8.85,,3.25,3.25,,,3.85,3.35,,3.25,3.25,4.05,3.25,,3.45,,,39.25,3.25,42.55,,,3.45,,,,,44.25,3.65,3.85,3.25,,25,,,3.25,,,,,3.25,,13.85,,3.25,,3.25,3.25,,,,,3.25,,,3.65,19.25,45.05,,26.85,3.25,4.05,,,,3.45,,3.25,,3.25,,,,3.25,,,3.85,,3.55,,,,,,3.55,3.65,,,3.25,,3.45,3.85,,,,3.25,11.775,20.1,7.65,3.45,3.45,3.25,,,3.65,4.05,42.45,,3.45,,28.05,3.25,,,3.25,,,3.25,3.65,3.85,3.45,3.45,3.45,3.25,,3.65,3.65,4.25,3.25,3.45,3.65,,3.25,,3.55,3.45,3.25,3.85,,,11.875,25.525,4.25,,,5.25,3.45,,3.85,,3.65,,3.45,3.25,,,,,,,34.75,,,3.25,3.5,4.375,,4.25,5.5,,3.5,3.25,,6,,3.25,,3.25,,,45.75,3.25,30.125,4.375,,,,,,,4,,,3.25,,3.25,,,3.75,,,3.25,3.25,,,,,,6.25
56,4.25,3.85,3.45,3.65,3.65,4.05,4.45,6.05,22.45,14.25,10.35,23,3.85,5.45,8.05,9.85,10.05,9.65,6.05,6.35,7.65,6.85,7.05,6.65,4.05,4.05,4.25,4.25,3.85,3.45,3.25,3.85,3.85,3.85,4.84,6.25,4.05,5.55,4.65,4.65,6.25,6.85,5.925,5.65,4.45,5.45,6.25,22.85,5.25,9.45,8.05,7.85,4.45,5.45,4.85,4.25,4.45,4.35,4.25,6.05,4.745,5.45,4.25,5.55,4.85,3.85,4.05,4.25,4.05,4.05,4.05,3.65,4.05,3.65,3.45,3.45,3.45,3.45,3.25,3.85,3.85,3.75,3.65,3.65,3.65,3.45,3.45,3.25,3.25,3.45,3.45,3.45,3.65,3.45,3.45,3.45,3.65,3.45,3.85,3.45,3.65,3.65,3.85,4.05,3.85,3.45,4.25,3.45,3.65,4.05,4.45,4.25,5.05,4.45,4.25,4.05,3.85,3.85,3.65,3.85,3.85,4.05,3.65,4.05,4.84,3.65,3.85,3.65,4.25,4.25,4.05,3.85,3.25,3.45,3.85,3.45,4.05,3.85,3.85,4.84,4.25,4.05,3.85,4.05,4.65,4.05,5.05,4.65,3.85,3.75,4.25,3.85,3.85,4.45,3.85,6.45,4.05,3.75,3.5,3.25,3.75,3.5,4.5,3.5,4.25,3.5,3.5,4.25,3.5,3.5,3.75,3.5,4,3.25,3.5,3.25,3.5,3.25,3.25,3.25,3.25,3.25,3.25,3.75,4,4.5,3.25,4.75,4,3.5,3.25,4.25,3.5,3.5,3.5,4.25,4.5,3.75,3.5,3.75,3.75,3.25,4.5,5.25,4,3.625,4.25,4.75,6.25,3.25
57,3.35,2.45,3.25,3.25,3.25,3.25,3.25,3.25,3.25,3.25,3.25,5.15,0.32,3.65,3.25,3.25,3.25,3.25,3.25,3.65,3.25,4.845,3.25,3.25,3.75,3.25,3.25,3.35,3.25,3.25,3.35,3.45,3.25,3.25,3.25,3.25,3.25,3.25,3.25,3.25,3.35,3.25,3.35,3.25,3.25,3.25,3.85,3.25,3.25,3.35,3.25,3.25,3.25,3.25,3.25,3.25,3.25,3.25,3.25,8.05,3.55,5.75,3.95,3.35,3.25,3.25,3.25,3.25,3.25,3.25,3.25,3.25,3.25,3.25,5.45,3.25,3.55,3.25,3.25,3.25,3.25,3.75,3.45,3.25,3.25,3.25,3.25,3.25,3.25,3.25,3.25,4.25,3.25,3.25,3.95,3.25,3.25,3.25,3.25,3.25,3.25,3.25,3.25,3.25,3.25,3.25,4.95,3.25,3.45,3.25,3.25,3.25,3.25,3.25,3.45,3.25,3.25,3.35,3.25,6.05,11.25,3.25,3.25,4.05,3.35,3.45,3.25,3.25,4.05,3.25,3.25,3.25,3.25,3.25,3.25,3.25,3.65,3.45,6.25,3.25,3.25,3.25,3.45,3.85,3.25,3.25,3.65,3.25,3.25,3.25,3.35,5.15,3.25,3.25,4.85,3.5,3.65,3.25,9.25,3.25,3.25,4.5,3.625,3.5,3.25,4,5.75,5.05,3.25,3.875,3.25,3.5,3.25,3.375,3.25,3.5,3.25,3.5,3.25,3.25,3.25,3.25,3.25,7,39.5,3.25,3.25,3.25,3.25,4.5,3.5,3.25,3.75,4.25,3.25,9.75,3.25,3.25,3.25,3.25,3.25,3.75,3.875,3.5,4,3.5,5.375,6.25,3.25,3.25
58,3.45,4.65,5.25,6.15,4.25,5.05,4.85,7.05,4.05,4.05,5.05,4.25,4.4,3.77,4.35,5.05,3.45,6.75,4.45,4.635,7.05,3.25,4.75,4.25,5.05,3.45,5.05,6.65,7.05,4.25,4.25,3.45,4.25,4.25,3.65,3.25,3.35,3.55,3.25,5.45,3.65,3.65,3.7,3.75,3.25,3.45,3.25,3.45,3.6,3.85,3.25,4.25,3.45,3.25,3.5,3.55,3.85,3.25,4.25,3.45,4.25,3.25,3.35,3.25,3.25,3.45,3.25,3.25,3.25,3.25,3.25,3.25,3.25,3.85,3.75,3.25,3.25,3.45,5.05,3.25,3.25,4.25,4.25,3.25,3.25,3.25,3.65,3.35,3.25,3.85,3.25,3.25,3.25,3.25,3.25,3.25,3.25,3.25,3.25,3.25,3.65,3.25,3.95,5.25,3.25,5.25,3.25,3.65,5.25,3.25,4.65,3.65,3.55,4.25,3.25,3.45,3.25,3.25,3.25,3.45,3.25,3.85,3.25,3.35,4.35,5.05,3.25,3.25,4.15,5.05,5.05,4.945,3.25,4.35,3.35,3.25,5.05,4.25,5.05,3.25,3.25,3.25,5.05,3.25,3.35,5.05,3.65,5.25,5.25,5.15,5.25,5.25,5.25,5.05,3.85,3.35,4.05,5.125,5.75,5.75,5.75,3.25,4.875,3.25,5.5,3.25,5.5,5.5,3.25,5.75,3.75,5.5,3.25,3.25,3.25,3.25,4.5,3.375,3.25,3.375,3.25,3.25,3.25,4.5,3.75,3.5,3.5,3.625,3.25,5.5,3.25,3.25,3.25,5.25,4.375,3.25,4,5,9,3.25,3.25,3.375,3.25,3.25,4.5,3.25,3.25,4.25,3.25,5.25
59,3.25,3.25,3.25,3.25,3.25,3.25,3.25,3.25,3.25,3.25,3.25,3.25,3.25,3.25,3.25,3.25,3.25,3.25,3.25,3.25,3.25,3.25,3.25,3.25,3.25,3.25,3.25,3.25,3.25,3.25,3.25,3.25,3.25,3.25,3.25,3.25,3.25,3.25,3.25,3.25,3.25,3.25,3.25,3.25,3.25,3.25,3.25,3.25,3.25,3.25,3.25,3.25,3.25,3.25,3.25,3.25,3.25,3.25,3.25,3.25,3.25,3.25,3.25,3.25,3.25,3.25,3.25,3.25,3.25,3.25,3.25,3.25,3.25,3.25,3.25,3.25,3.25,3.25,3.25,3.25,3.25,3.25,3.25,3.25,3.25,3.25,3.25,3.25,3.25,3.25,3.25,3.25,3.25,3.25,3.25,3.25,3.25,3.25,3.25,3.25,3.25,3.25,3.25,3.25,3.25,3.25,3.25,3.25,3.25,3.25,3.25,3.25,3.25,3.25,3.25,3.25,3.25,3.25,3.25,3.25,3.25,3.25,3.25,3.25,3.25,3.25,3.25,3.25,3.25,3.25,3.25,3.25,3.25,3.25,3.25,3.25,3.25,3.25,3.25,3.25,3.25,3.25,3.25,3.25,3.25,3.25,3.25,3.25,3.25,3.25,3.25,3.25,3.25,3.25,3.25,3.25,3.25,3.25,3.25,3.25,3.25,3.25,3.25,3.25,3.25,3.25,3.25,3.25,3.25,3.25,3.25,3.25,3.25,3.25,3.25,3.25,3.25,3.25,3.25,3.25,3.25,3.25,3.25,3.25,3.25,3.25,3.25,3.25,3.25,3.25,3.25,3.25,3.25,3.25,3.25,3.25,3.25,3.25,3.25,3.25,3.25,3.25,3.25,3.25,3.25,3.25,3.25,3.25,3.25,4.25
60,4.85,3.95,3.65,3.25,3.45,4.25,3.35,4.65,5.05,5.45,5.15,3.95,3.25,7.05,5.05,4.65,3.65,5.05,3.9,4.45,4.65,4.05,3.85,4.75,3.25,3.45,3.45,3.75,3.25,3.25,4.05,3.25,3.45,3.45,3.25,3.25,3.55,3.25,3.25,3.45,3.45,3.25,3.25,3.25,3.45,3.95,4.65,3.75,4.15,4.45,4.25,3.25,3.45,3.25,3.25,3.75,3.55,4.65,4.95,3.45,4.25,3.85,3.25,3.65,4.05,3.65,3.65,3.75,4.25,3.65,3.65,3.25,3.25,3.25,3.45,3.25,3.25,3.25,3.65,3.25,3.45,3.25,3.25,3.45,3.25,3.55,3.55,3.55,3.35,3.25,3.45,3.35,4.05,3.45,3.25,3.25,3.65,3.25,3.35,4.15,3.45,3.45,3.25,3.65,3.45,3.25,3.45,3.35,3.25,3.65,3.45,4.65,3.25,3.85,4.85,5.25,4.25,3.45,3.45,3.25,3.25,3.55,3.25,3.25,3.25,3.45,3.25,3.25,3.25,3.25,3.65,4.65,3.25,3.25,3.25,3.25,3.75,4.05,5.25,3.85,3.45,4.45,3.45,3.25,6.45,5.45,3.25,3.25,3.45,3.25,3.25,3.65,3.25,3.25,4.05,4.25,3.25,6.25,3.75,4.125,3.5,6.25,3.5,4,3.25,3.25,3.5,4.125,3.25,3.5,4,3.375,3.25,3.5,3.25,3.25,3.75,5.375,3.5,5.875,6.375,4.625,3.5,3.375,3.625,3.25,3.25,3.375,3.25,4.25,3.75,3.75,4,5.5,4.25,4,4.5,3.25,3.375,3.25,3.25,4,5.25,3.25,3.25,3.25,3.5,6.75,4,3.35
61,3.95,3.35,4.45,4.65,5.95,4.55,4.35,5.65,7.85,5.35,3.65,7.05,5.45,4.745,7.85,4.65,3.85,7.05,4.65,4.05,4.85,11.65,4.05,3.65,4.25,3.85,3.45,3.55,3.25,3.95,3.45,4.85,5.05,3.25,3.65,3.85,3.85,6.25,5.65,8.25,5.15,4.75,4.55,3.55,3.45,4.45,7.55,8.85,5.25,3.45,4.15,14.35,4.15,4.05,3.55,3.25,4.15,5.05,8.25,3.45,4.85,4.65,4.45,4.45,5.35,4.65,4.25,4.45,4.85,4.25,4.05,3.85,4.55,4.25,4.85,4.65,4.75,4.85,4.55,4.65,4.65,4.85,4.85,4.45,4.25,4.45,4.35,4.05,3.85,5.45,4.55,3.95,4.05,4.85,4.25,4.35,4.45,4.85,4.85,3.65,5.55,5.25,4.25,3.25,5.05,3.25,5.05,4.45,3.85,4.65,4.45,3.75,5.05,5.15,4.35,3.35,4.85,5.65,4.45,4.55,5.25,4.35,3.45,4.85,5.05,4.15,4.65,3.95,4.45,4.45,4.45,4.45,5.75,4.75,3.35,3.45,4.25,5.05,4.45,4.85,4.55,4.65,4.05,4.45,5.25,4.05,4.85,4.45,4.45,4.85,4.85,4.3,5.05,4.65,3.95,4.05,3.55,9,5.5,5.875,5,5.125,5.75,4.875,5.125,5.25,5.75,5.375,5,4.75,4.75,5.375,5.25,5.375,5.25,5,5,5,5,5.125,4.75,5.25,5,4.75,5.5,5,5.5,4.75,5.75,5.25,5.375,4.75,5.375,4.875,5.25,5,3.5,5.375,4.625,5.5,5.5,5.75,6,5.625,5.75,6,3.25,3.25,12.5,3.65
62,3.25,3.25,3.45,3.25,3.25,3.25,4.15,3.45,3.25,3.25,3.25,3.25,4.65,3.25,3.25,3.45,3.25,3.25,3.35,3.25,3.25,3.25,4.15,3.25,3.25,3.25,3.25,23.76,3.45,3.35,3.25,3.25,2.45,5.65,3.25,3.25,23.25,4.65,3.55,3.25,8.05,12.75,3.75,3.25,3.25,3.45,3.25,3.75,3.25,3.25,4.65,3.25,5.65,3.25,7.85,17.45,4.25,3.25,3.85,3.25,3.25,3.25,3.45,3.25,4.85,3.25,3.45,8.35,3.25,4.65,3.25,3.85,3.25,3.25,5.35,3.25,3.25,3.25,3.625,3.25,3.25,3.55,3.25,6.85,3.75,3.25,4.15,3.25,3.25,3.45,3.25,3.35,3.25,3.25,3.45,3.35,3.25,3.25,3.25,3.25,3.25,3.25,3.25,3.45,3.85,3.25,3.25,9.45,5.65,3.25,3.45,3.85,3.25,3.25,3.25,3.25,3.25,3.45,5.55,5.25,3.25,3.45,3.25,3.45,3.25,3.35,14.125,3.25,3.85,3.25,6.65,14.75,3.25,4.45,,4.25,3.25,3.45,3.25,3.45,3.75,4.05,3.25,3.25,3.25,3.35,3.6,3.25,3.25,3.25,11.45,3.75,3.25,7.15,,3.25,3.25,3.25,6.375,6.125,3.25,3.25,4.25,3.25,9.875,3.25,3.25,3.25,3.5,4.25,3.25,20.75,,3.25,3.5,,3.25,27.23,39.5,3.25,14,,5.5,3.25,3.25,11,3.25,4,3.5,11.875,3.25,26,4.75,3.25,4.25,23.125,3.25,,3.25,,6.875,3.25,18.875,3.25,15.75,3.75,3.25,5.25,,4.84
63,3.45,3.45,3.25,3.25,3.45,3.25,2.75,4.05,4.9,5.85,3.25,4.75,3.25,3.25,7.65,3.45,3.25,4.25,5.65,7.85,3.25,13.25,5.65,3.25,3.95,3.25,8.05,3.25,3.25,3.85,3.25,3.35,3.25,14.65,5.65,3.25,11.65,7.75,3.25,3.65,3.35,3.25,3.25,6.85,11.85,8.15,12.45,3.45,5.25,3.55,3.25,3.65,3.25,7.05,3.25,13.65,4.05,3.25,7.85,16.05,3.45,9.25,12.75,4.55,3.85,7.85,3.25,3.55,3.35,3.25,3.25,3.25,24.65,3.25,3.25,4.05,3.55,3.85,3.25,3.35,3.25,4.85,3.45,13.25,3.25,3.25,24.45,3.25,3.25,3.25,3.25,5.25,4.05,3.25,3.25,3.25,3.25,3.25,3.25,3.25,3.25,3.25,3.95,3.45,3.25,3.45,3.25,3.25,3.25,3.25,3.25,3.25,15.975,3.95,3.45,7.45,3.25,3.25,3.25,3.25,3.25,22.175,8.25,3.25,3.25,3.25,3.25,3.25,3.25,3.25,3.25,3.25,3.25,3.25,6.45,4.55,3.45,9.85,3.35,3.65,5.65,20.1,3.25,20.1,9.45,3.65,3.25,16.515,4.05,7.35,7.65,11.675,4.45,3.25,8.65,20.1,5.05,4.825,14.25,4.75,3.75,12.675,3.25,5.5,7.375,5.5,3.25,15.7,19.175,3.25,3.25,3.25,3.25,3.25,3.25,5,5,3.875,4,4.375,6.25,15.875,3.25,3.25,4.25,3.75,3.25,4.5,6,4.875,37.75,3.25,3.75,,3.25,3.25,3.75,6.25,3.25,4.5,3.25,5.5,4.25,3.25,42.25,5.25,3.5,,3.25,3.35
64,6.05,3.25,3.25,3.25,4.45,3.55,3.25,3.25,3.85,15.65,3.25,3.45,3.25,16.15,3.25,4.25,3.45,15.625,27,3.65,4.15,3.65,3.25,3.25,3.25,6.05,3.25,3.25,6.55,3.25,3.25,3.25,3.45,3.25,15.35,3.85,3.25,20.85,8.15,3.25,3.25,4.125,19.25,3.45,4.84,3.55,3.25,4.05,3.25,4.85,9.05,10.05,3.45,3.25,5.95,3.25,3.45,4.65,5.45,3.85,5.85,3.25,5.45,3.25,3.25,3.45,3.25,30.65,4.15,13.05,3.25,4.05,3.35,5.05,3.25,11.05,3.25,3.35,6.55,3.25,3.25,3.25,3.75,16.25,3.65,3.35,3.65,3.25,3.35,3.25,3.45,3.25,3.25,3.25,4.55,3.35,3.35,6.85,5.15,7.745,6.55,6.95,6.55,5.35,3.25,6.25,6.05,7.75,6.65,7.55,6.85,7.45,7.45,6.65,6.65,7.65,6.95,7.85,7.65,6.85,7.15,7.05,7.05,7.15,7.65,6.35,6.95,6.95,6.85,8.44,3.25,7.75,3.25,7.65,7.65,6.85,7.65,7.25,6.85,7.15,6.85,6.65,6.65,7.55,6.65,6.85,7.65,6.55,7.75,7.25,7.05,6.85,8.44,7.85,7.25,6.85,7.25,7,7.25,7.375,7.25,7.25,7,7.75,6.5,7.75,3.25,8.5,8.75,7.25,7.25,7.125,6.875,3.25,3.25,3.25,9.75,3.25,3.75,3.25,5.375,3.25,5.875,3.25,3.25,4,3.25,7.18,,3.5,3.25,3.75,3.25,3.25,3.25,3.25,3.25,3.25,4.5,3.375,4.375,3.25,3.5,3.25,3.5,3.25,5.625,5.5,17.7,12.625
65,3.25,3.25,17.15,3.25,3.25,3.25,3.25,10.05,3.25,3.25,3.25,3.25,3.25,3.25,3.25,3.25,6.65,4.45,3.25,5.75,3.65,3.25,3.25,3.45,3.25,3.25,3.25,3.45,3.25,3.25,3.25,32.825,2.75,3.65,3.45,3.25,3.25,3.25,3.25,3.45,3.25,3.25,3.25,3.25,3.25,3.25,3.25,3.25,9.75,3.25,3.25,16,3.25,10.45,5.85,8.65,3.25,3.25,3.25,3.25,13.05,3.25,3.25,3.25,5.05,3.25,16.55,3.25,7.25,8.15,3.25,3.25,3.25,3.25,4.65,5.25,4.65,3.55,3.25,4.85,3.35,3.95,3.25,3.25,3.45,3.25,3.25,15.25,3.25,3.65,3.25,3.25,3.45,4.25,3.25,3.25,10.75,5.05,3.35,3.25,4.05,5.45,3.25,3.25,3.65,3.25,4.05,3.25,3.45,3.25,3.25,3.25,3.25,5.65,6.05,3.45,3.65,5.35,3.25,3.35,3.75,4.35,3.25,4.25,7.45,6.81,3.25,3.25,3.65,3.25,3.25,26.55,3.45,3.45,3.25,3.25,3.25,3.25,3.25,7.25,6.05,3.35,11.85,4.35,17.65,3.25,3.45,3.45,3.25,3.25,3.25,3.85,3.25,3.35,3.25,3.25,10.65,3.25,38.25,3.5,11.375,3.375,3.25,4.375,3.5,10.5,3.25,6.05,3.75,3.25,3.25,3.25,4.25,3.25,501.62,7.125,0.53,3.875,3.25,3.25,3.25,3.25,3.25,3.25,3.25,3.625,3.25,3.5,3.25,3.5,81,3.25,29.25,3.375,40,16.5,5.125,3.375,3.25,3.25,3.25,3.25,,5.25,24.25,,6.25,3.25,3.25,5.75
66,3.65,3.95,3.75,3.85,3.25,3.25,3.25,5.25,5.65,7.45,7.45,8.55,3.25,8.95,7.85,3.45,12.85,4.45,5.15,13.45,4.05,9.45,11.35,5.65,3.45,3.25,3.25,6.65,3.85,3.25,4.15,3.35,4.65,4.05,21.05,11.65,3.25,10.65,8.65,7.45,3.25,4.55,18.475,11.85,3.25,6.85,15.85,7.05,8.85,13.35,3.25,9.25,19.95,6.45,4.25,20.1,3.85,10.75,5.95,3.85,4.75,5.25,5.15,3.25,5.85,6.45,3.95,10.85,17.25,14.75,8.35,8.25,3.25,4.05,4.65,3.45,4.15,6.15,5.25,23.95,3.25,3.25,5.35,3.25,3.45,3.45,4.25,5.65,3.25,3.25,6.85,3.25,3.25,3.25,3.25,3.25,8.45,3.35,3.65,3.25,3.45,3.45,4.65,3.55,3.25,6.45,6.85,4.85,6.65,4.65,6.65,10.05,3.85,6.45,7.45,4.55,7.65,6.25,3.65,8.545,7.05,4.95,10.55,5.85,4.25,10.25,9.05,19.95,11.85,28.32,9.65,3.35,11.25,3.35,4.25,7.55,4.65,15.55,29.35,4.25,7.15,34.645,3.65,5.45,7.45,3.25,3.85,7.05,24,3.25,20.1,7.45,5.05,20.1,5.54,15.65,4.35,9,10.5,5.625,6.375,3.25,16,20.8,19.75,5.875,13.75,18,20.1,3.25,5.5,12.875,28.25,12.875,13,4.05,4.75,6.5,4,,8.625,5,6.125,5.875,9.5,11.5,3.25,5.75,4.875,6.75,3.875,3.25,3.25,3.875,3.25,5.625,20.375,3.25,3.75,3.625,10.375,37.75,3.25,10.75,13.375,7.75,3.25,3.25,3.25,10.5
67,4.25,3.25,3.25,3.25,6.25,3.25,5.05,10.65,9.85,8.05,12.85,16.05,4.95,11.6,4.45,3.65,3.35,29.65,7.55,3.95,3.25,6.75,17.675,3.25,3.25,3.45,7.65,3.25,3.55,3.65,5.05,3.25,15.45,10.45,4.25,3.25,8.35,4.95,11.6,3.25,8.55,3.25,3.25,4.45,3.25,3.85,11.6,3.45,3.25,3.25,3.25,4.25,20.45,15.85,8.85,6.05,10.75,13.45,7.25,3.25,3.45,3.95,3.25,15.55,11.6,6.55,7.725,8.85,8.425,15.05,20.1,3.85,8.025,3.25,3.25,11.6,3.45,3.25,4.05,22.175,20.1,27.9,4.65,3.45,12.275,8.65,3.25,6.45,5.85,7.425,11.925,5.85,21,27.9,27.9,27.9,4.15,3.45,3.25,3.25,3.25,3.45,3.25,3.25,4.15,9.55,27.9,4.15,11.6,3.65,3.65,18.05,3.85,3.25,6.85,11.75,8.85,3.25,3.85,17.65,17.35,19.45,12.65,3.25,27.9,16.45,27.9,6.85,27.9,3.65,15.85,10.25,10.95,6.65,7.35,4.55,12.45,4.05,3.25,3.75,3.25,3.35,24.99,4.85,14.175,3.85,7.55,3.75,3.75,3.45,5.27,4.05,6.15,8.195,5.195,4.45,3.25,20.1,3.25,17.125,23.25,9.25,9,11.5,5.75,8.375,20.5,21.825,16.5,5.125,14.625,7.25,3.25,23.375,16.75,3.25,21.625,16.075,11.5,3.25,4.25,22.25,3.25,3.75,27.9,3.875,3.5,7,18,6.875,3.25,29.5,3.25,3.5,4.25,3.25,5.5,4.125,,8.25,13.5,5.5,4.625,46.25,12,11.5,3.25,3.25,,3.85
68,9.05,3.35,3.85,6.85,3.45,3.25,4.55,3.25,5.15,11.05,3.25,3.45,3.25,3.25,14.35,5.75,9.75,6.85,3.65,4.15,5.65,3.45,4.05,4.15,5.55,20.075,3.65,4.25,3.25,3.45,4.05,3.25,4.65,8.44,5.65,3.45,5.05,12.725,4.05,4.55,3.45,3.25,4.15,3.45,3.85,3.55,4.05,6.7,6.85,6.85,7.95,4.25,3.45,6.45,10.35,8.25,3.25,5.35,3.25,10.75,5.55,7.15,3.35,8.45,3.45,6.25,4.25,4.5,3.85,3.85,4.65,7.15,3.6,3.95,6.25,3.95,3.25,3.25,3.85,3.65,5.05,4.65,3.85,8.65,3.65,11.6,4.25,3.55,3.35,3.55,3.25,3.25,3.25,3.25,3.25,3.25,4.05,5.05,3.25,3.45,3.45,6.45,3.65,3.45,3.25,3.25,3.25,3.85,3.85,4.25,3.25,3.25,3.25,3.65,3.25,3.75,5.25,5.65,7.95,5.645,8.15,3.25,6.05,4.55,5.25,3.25,3.35,3.45,3.25,3.25,3.25,3.25,3.25,4.05,3.45,4.05,3.25,4.05,3.35,7.45,7.65,5.05,4.35,4.35,3.65,3.75,6.75,4.45,6.65,11.6,4.65,4.45,4.05,5.85,3.25,11.05,3.25,7.5,8.875,5.25,5.5,6.75,6.5,3.75,5.75,3.375,3.5,7.25,3.25,3.25,8.5,3.875,3.25,3.25,3.25,3.25,3.25,3.25,3.25,6.75,3.25,3.25,3.25,3.25,3.625,3.25,3.25,3.5,5.5,3.25,3.75,4,3.375,3.25,6.125,3.25,8.75,7.5,3.25,3.25,9.625,4,4.125,3.25,3.25,36.9,20.075,7,9.25,3.5
69,5.05,3.45,3.25,4.55,3.25,3.55,3.35,6.75,10.35,3.75,3.25,4.25,3.45,5.35,5.05,3.25,4.25,3.85,5.45,4.35,3.25,3.75,3.25,3.45,11.6,4.05,3.45,5.05,3.45,3.65,4.15,3.35,3.25,3.75,3.25,3.65,5.55,3.45,8.05,3.25,5.05,3.25,3.45,5.85,3.85,5.35,5.25,4.95,4.05,4.95,6.95,6.25,9.15,3.65,5.45,6.75,6.85,5.65,8.25,8.25,6.55,8.25,8.05,5.25,5.25,6.45,3.25,5.25,4.95,5.05,3.35,4.84,3.75,3.25,5.65,7.15,4.75,6.45,5.25,5.445,5.15,3.45,7.85,7.05,4.945,6.65,4.84,4.45,3.25,3.65,4.75,3.25,9.25,10.45,6.65,5.65,6.25,5.45,5.25,4.15,3.25,5.45,4.25,5.45,3.55,4.45,5.25,3.75,3.75,3.75,5.05,5.85,3.35,5.25,5.25,6.05,4.84,3.35,4.85,5.45,6.35,6.45,5.45,8.55,5.45,3.65,7.55,3.55,3.45,3.7,5.65,6.05,5.65,3.45,6.65,7.25,3.25,3.55,3.25,3.55,3.25,4.85,3.25,3.25,3.65,4.05,6.35,4.25,5,5.45,3.75,3.35,4.65,5.45,4.95,6.05,3.45,4.75,4.25,6.25,3.75,5.25,5,5.25,5.25,6,4.25,6.375,4.375,4.5,4,5.875,6.875,3.5,3.25,3.25,6.25,5.75,4.75,5.25,3.5,6,3.25,4,3.25,4,3.25,4.75,3.5,4.375,3.5,5.5,4.75,5.75,3.25,3.25,8.75,4.5,5.25,5.25,5,7.25,6.5,6.25,8.75,7.75,17.875,5.5,22.5,3.25
70,3.45,3.25,3.45,3.25,3.25,3.35,3.35,4.25,4.05,9.85,4.85,5.25,3.45,7.25,3.55,3.25,17.1,3.25,10.45,3.45,3.55,3.25,5.05,3.25,10.35,19.65,3.25,8.65,2.25,4.65,4.95,3.25,8.05,7.45,7.85,5.05,4.65,5.55,3.45,5.55,3.25,8.25,3.35,4.05,4.25,3.25,4.45,3.25,3.35,3.25,6.25,3.85,4.05,5.25,3.85,4.05,3.25,3.25,3.45,4.65,3.65,5.045,5.05,3.65,5.05,3.25,3.35,7.35,3.25,5.15,5.65,3.45,4.25,3.65,3.25,7.05,3.45,3.85,6.65,29.05,6.15,4.05,4.35,4.35,3.45,3.25,4.05,3.25,3.25,3.45,3.35,3.35,3.25,3.25,4.85,3.65,3.25,3.45,3.25,3.25,5.45,5.05,3.25,4.95,4.45,3.85,5.85,8.44,8.05,7.85,3.45,3.65,5.05,3.25,3.45,3.45,3.45,3.45,7.55,3.45,4.55,3.45,3.45,3.55,3.65,3.75,3.85,3.25,3.55,4.05,3.35,3.25,3.25,3.25,3.25,3.25,3.25,3.45,3.65,3.25,3.25,3.25,4.05,11.85,3.25,3.25,3.65,3.25,3.25,3.25,3.85,3.25,3.65,3.45,3.25,3.25,3.25,3.25,3.25,3.25,3.25,3.25,3.25,3.25,46.25,3.5,3.25,6,3.25,3.25,3.25,3.25,3.5,3.25,3.25,3.25,3.5,4,3.375,3.25,6,3.25,3.25,3.25,3.25,3.25,3.25,3.25,3.25,4.5,3.375,3.25,3.25,5.125,3.25,3.25,3.25,8.25,3.25,3.25,3.25,3.25,3.25,4.625,5.25,3.25,3.25,3.375,6.125,3.25
71,3.45,6.25,4.25,5.05,3.25,3.45,3.45,14.45,6.85,8.15,14.65,4.25,5.35,5.05,10.25,13.95,3.25,3.85,15.25,24.65,9.325,12.25,3.55,25.45,3.25,3.45,5.75,3.25,3.25,5.35,4.65,4.45,5.05,3.45,4.55,22.45,4.95,10.65,9.45,26.05,3.45,13.05,11.65,15.95,9.65,20.575,25.45,12.25,6.35,3.25,3.25,12.85,6.05,3.45,3.55,3.25,3.25,8.45,17.25,17.65,17.85,6.95,7.25,21.25,9.35,4.45,3.85,17.125,14.45,3.95,23.275,6.25,3.25,3.25,13.15,24,15.85,3.55,3.25,3.25,3.65,3.25,5.95,5.65,6.65,5.35,27.9,3.25,3.25,3.25,3.25,4.95,27.85,4.25,3.35,12.25,4.05,3.65,4.15,9.45,13.55,8.25,27.9,5.65,3.35,4.25,5.25,11.35,3.25,7.45,10.95,14.95,16.15,8.25,4.15,3.25,3.25,21.05,4.25,27.9,20.25,5.85,5.05,18.25,19.25,11.05,17.25,17.45,24.85,27.9,10.45,19.85,6.25,25.375,7.65,15.25,9.85,5.05,6.85,8.125,7.65,3.65,3.25,3.25,4.85,3.95,11.6,5.47,21.075,10.05,17.05,10.25,15.575,5.05,16.25,7.05,12.35,14.05,18.175,16.595,4.5,7.425,20.5,13.87,8,4.5,3.25,22.425,20.25,23.75,15.55,14.375,5.75,3.75,12.5,3.25,27.9,16.125,9.5,3.25,3.25,11.75,3.25,3.25,8.25,3.25,4.5,3.25,3.25,8,3.75,3.75,22.75,6.5,3.75,11,3.625,3.25,3.25,3.25,9.625,3.25,3.25,3.25,3.25,3.25,3.25,3.5,4.625,3.25
72,23.85,12.55,,30.75,3.25,,3.45,20.85,5.25,5.25,3.25,3.25,4.75,3.45,19.05,4.05,5.25,3.95,4.05,17.95,4.05,3.55,3.55,,3.25,4.05,20.45,3.25,50.05,3.25,3.55,19.45,3.45,3.25,13.5,3.25,31.675,3.25,18.05,24.25,4.25,3.25,23.65,3.25,7.05,3.25,3.65,,3.45,3.25,15.55,30.85,3.25,3.45,,,5.85,3.25,4.85,,3.35,3.25,6.15,16.85,3.25,3.25,3.25,10,49.45,3.95,,3.25,3.25,16.05,18.25,6.35,3.25,12.05,3.25,23.125,4.25,5.25,3.25,3.75,11.75,21.65,3.25,4.35,5.25,3.25,21.05,3.25,3.25,3.25,3.85,,3.25,3.25,4.05,,12.15,3.35,3.25,,,3.75,3.85,3.45,3.25,3.25,4.95,16.85,6,3.25,22.65,4.85,3.25,3.25,15.525,3.65,3.25,27.35,3.25,3.25,33.25,3.25,3.25,8.75,4.15,3.25,3.25,3.25,4.05,9.25,5.25,18.15,19.65,4.35,3.25,3.25,3.85,,3.25,7.65,13.25,3.25,3.25,,4.35,4.45,3.25,3.35,3.25,6.45,3.35,3.25,3.25,3.5,,9.75,6.625,3.25,35.25,3.25,3.25,3.25,5.25,28.75,15.125,3.25,7,3.25,20.625,3.25,3.25,3.375,,41.125,3.25,3.25,,3.25,3.25,3.25,3.25,3.625,4.375,3.25,3.625,32.45,3.25,5.25,,3.25,3.25,3.25,3.25,,44.5,,4.25,3.25,3.25,35,,3.25,6.75,3.75,3.25,
73,,12.525,5.25,3.25,22.45,3.55,3.25,8.25,3.35,8.45,3.45,3.65,3.25,3.25,,3.25,6.45,11.25,13.05,29.175,,5.65,21.15,3.45,3.25,3.25,4.05,3.25,3.45,3.25,2.25,3.75,22.85,13.85,22.35,3.25,3.45,20.05,13.75,4.95,3.85,3.25,3.25,3.25,20.65,24.25,27.375,19.95,3.25,3.25,3.25,3.25,3.25,3.25,3.25,3.25,3.25,4.15,7.45,3.25,25.05,3.45,25.25,15.15,3.25,28.05,3.65,3.35,3.25,7.55,3.25,3.25,25.05,3.25,8.25,3.25,11.55,7.25,17.75,4.45,5.65,5.05,10.55,3.25,3.25,3.25,3.75,3.25,3.45,3.25,3.25,3.25,3.25,4.55,47.05,,9.45,3.45,3.55,3.65,4.25,3.25,3.25,7.85,,3.25,3.35,3.25,3.25,3.25,3.25,3.45,4.05,6.85,6.45,5.45,3.25,128.65,30,3.45,3.85,3.25,13.25,23.95,4.15,23.85,3.25,3.25,11.55,3.25,3.55,3.25,22.85,3.25,9.65,4.05,3.25,6.65,43.45,3.25,5.05,3.25,5.45,3.25,3.65,,45.26,8.85,3.85,3.25,3.25,6.45,3.25,3.25,8.25,25.95,,3.25,3.5,19.875,6,3.25,3.25,10.5,3.25,3.25,9,7.5,19.125,3.25,3.25,42.75,3.25,3.25,3.5,4.35,3.25,19.125,3.25,,,4,8.125,4,3.25,35,3.25,11,20.625,6.5,10.75,4.875,,,21.625,3.375,,5,13.25,25.75,47.25,3.25,,,,35.875,3.625,4,5,3.25
74,,,41.65,,,,,25,17.45,35.75,,,,3.25,3.55,,0.01,29.45,3.25,3.25,25.235,19.25,3.25,21.05,,3.65,,,,35.85,3.25,,3.25,50,3.25,3.25,,,4.25,18.15,3.35,85,3.25,31.85,3.25,,3.45,5.45,,,,3.25,,,3.25,2.25,,30.575,,,,8.25,3.25,3.25,80,,32.85,32.65,,4.05,50,,,,,,,3.45,3.25,,3.25,3.25,,,,3.25,6.45,,4.25,,7,2.45,39.05,4.55,,43,,,3.25,3.45,,8.45,,3.25,3.25,3.25,3.25,19.05,3.25,,3.25,3.25,24.25,,,3.25,3.25,,3.25,,,,3.25,3.25,,,,,3.85,3.25,,,3.25,29.25,,25.55,3.25,,63.85,3.25,,,29.45,27.35,12.65,,,,17.35,5.35,6.45,,,3.25,26.75,3.25,,,,,50,,3.25,,,,43.25,,3.25,,3.25,,,3.25,,40,,3.25,3.25,,,3.25,3.25,,3.25,3.25,47,100.25,,,3.25,,,,,3.25,3.25,57.25,,3.25,,3.25,25.5,,,33.27,21,,,
75,3.25,3.25,3.25,5.55,3.25,,3.25,5.1,4.25,4.85,5.65,4.05,,3.25,4.45,3.35,21.05,14.35,39.05,20.95,27.15,27.25,3.25,32.45,7.85,3.25,29,3.35,5.05,3.25,3.25,21.65,3.25,3.25,5.85,3.25,3.25,33.05,3.25,3.25,3.25,5.65,32.45,3.25,26.15,4.35,10.35,3.25,3.25,3.35,,3.85,6.45,3.35,,,3.45,18.15,7.85,100,3.45,3.75,4.05,,3.35,3.25,3.25,9.45,3.25,3.25,3.95,3.25,20.925,3.25,3.45,3.45,,3.25,3.45,16,20.55,26.25,4.55,3.85,4.25,51.525,3.45,3.25,,3.25,3.25,3.65,3.25,3.75,3.25,3.35,3.45,3.25,3.25,3.85,3.25,29.25,3.25,4.85,5.05,4.75,4.45,3.25,4.15,3.45,3.25,3.35,3.45,24.65,4.15,3.25,8.05,3.25,18.05,3.85,3.25,3.25,3.25,3.25,15.75,,3.25,3.25,3.25,4.45,,3.25,3.35,3.25,15.65,3.25,4.85,3.25,11.05,3.25,3.65,4.05,10.85,20.65,3.75,12.15,16.625,3.55,,3.65,28.45,3.25,3.25,3.25,,3.25,3.65,3.25,3.25,4.575,3.85,81.5,3.25,14.125,3.25,3.25,17.625,20.875,3.25,3.25,5.25,3.25,,3.25,3.625,3.25,3.25,4.125,3.25,4.5,,,4,4.75,,5.25,7.125,29.055,3.25,42.25,3.375,108.25,3.625,3.25,0.01,,3.25,3.25,24.25,9,25.75,3.25,6.25,,,42.75,5,3.25,,36
76,3.85,3.45,3.45,3.85,3.85,4.05,3.85,8.55,11.25,10.45,6.65,6.65,3.65,5.05,7.85,9.05,7.15,5.65,6.05,7.85,5.25,7.85,5.25,4.25,3.85,3.85,3.65,3.65,3.65,3.45,3.45,3.45,3.85,3.85,4.65,4.84,4.85,4.85,4.65,4.45,5.05,5.05,4.25,4.05,4.05,4.65,4.65,4.25,5.45,6.65,7.25,5.75,6.25,6.25,5.05,6.05,4.85,5.55,6.05,5.65,5.65,4.25,4.45,4.85,4.25,4.25,4.25,4.05,3.85,4.25,4.45,4.25,4.05,4.65,3.85,4.25,3.85,3.65,3.85,3.85,4.05,4.45,4.25,3.85,4.05,4.05,3.85,4.05,3.85,3.85,3.65,3.65,3.65,4.25,3.65,3.85,3.85,4.25,3.85,3.85,4.45,4.05,4.25,3.85,4.05,4.45,4.05,4.05,4.45,4.25,4.25,4.65,4.85,4.84,4.45,4.45,4.05,3.85,3.85,3.85,4.05,4.05,4.45,4.25,4.05,3.65,3.85,4.45,4.05,4.05,4.05,4.45,3.65,3.65,3.85,3.85,4.05,4.25,4.05,4.65,4.25,4.65,4.45,4.65,4.45,4.05,4.25,4.45,4.05,4.65,5.05,4.05,4.45,4.25,4.745,4.45,4.45,3.5,4.25,4,3.5,4,4,4,4.25,3.5,4,4.25,4.5,3.75,4,3.75,3.75,3.75,3.5,3.75,4,4.25,3.75,4,4.25,3.75,3.75,3.5,3.75,4,4.25,3.75,4.5,4.25,4,4.25,3.75,3.5,3.75,3.75,3.75,3.75,3.75,4,3.75,4,3.75,3.5,4,3.75,3.75,4,3.5,3.5
77,4.85,4.85,4.65,4.84,5.05,4.85,5.05,4.85,5.05,5.05,4.85,4.84,4.84,5.05,4.85,5.05,4.65,5.05,4.85,4.85,4.85,4.84,5.05,4.65,4.65,4.65,4.65,4.65,4.65,4.84,4.65,4.65,4.65,4.65,4.84,4.84,4.65,4.85,4.84,4.85,4.65,4.65,4.65,4.84,4.65,4.85,4.65,4.85,4.85,4.85,4.85,4.85,5.05,5.05,4.85,4.85,4.85,5.05,4.85,5.05,4.85,4.95,4.85,4.85,4.85,4.85,5.05,5.05,4.85,4.85,4.85,4.85,4.85,4.85,5.05,4.85,4.85,5.05,4.85,4.85,4.85,4.84,4.85,4.65,4.85,4.85,4.85,5.05,4.85,5.05,5.05,5.05,5.05,5.25,5.25,5.25,4.85,4.85,4.85,5.05,5.05,5.05,4.85,5.05,5.05,5.05,5.05,5.05,4.85,5.05,5.05,5.05,5.05,5.05,4.85,5.05,5.05,4.85,5.05,5.05,5.05,5.05,4.85,5.05,5.05,5.25,5.05,5.25,5.05,5.25,5.25,5.25,5.05,5.25,5.05,5.25,5.25,5.25,5.05,5.25,5.45,5.25,5.05,5.05,5.05,5.25,5.25,5.25,5.25,5.25,5.25,5.25,5.25,5.25,5.45,5.05,5.15,5.25,5.5,5.25,5.5,5.5,5.5,5.5,5.5,5.5,5.5,5.25,5.5,5.5,5.5,5.5,5.75,5.75,5.75,5.5,5.75,5.75,5.5,5.5,5.5,5.5,5.5,5.5,5.5,5.25,5.5,5.25,5.75,5.625,5.5,5.25,5.25,5,5.25,5.25,5.5,5,5.25,5.5,5.5,5.5,5,5.375,5.25,5.25,5.75,5.25,5,5.45
