Sum of sum,Column Labels,,,,,,,,,,,,,,,,,,,,,,,,,,,,,,,,,,,,,,,,,,,,,,,
,2013,,,,,,,,,,,,2014,,,,,,,,,,,,2015,,,,,,,,,,,,2016,,,,,,,,,,,
Row Labels,1,2,3,4,5,6,7,8,9,10,11,12,1,2,3,4,5,6,7,8,9,10,11,12,1,2,3,4,5,6,7,8,9,10,11,12,1,2,3,4,5,6,7,8,9,10,11,12
1,9837.44,14559.8,19518.12,23794.58,16741.39,12958.27,12468.46,16324.98,11758.97,15633.59,13472.57,16672.32,16848.23,15054.79,19666.72,18451.58,18046.26,17030.71,15086.68,13992.39,13626.82,14364.51,14537.64,13764.08,17371.73,17365.38,21706.23,20859.2,24181.59,18855.96,13516.07,15046.1,13197.15,13727.86,13453.5,14744.14,15761.31,15365.32,21047.75,20545.54,17059.08,15986.95,16250.15,13387.06,7781.01,11173.88,8514.4,10668.59
2,22200.97,29375.64,30214.6,40834.43,23102.04,24053.8,21586.99,16722.17,24418.51,32008.4,27930.46,36870.1,32220.17,31034.39,29680.23,30040.39,27016.99,20449.8,22002.93,27316.7,35947.5,43470.28,42725.3,20587.64,29547.59,24757.46,31877.72,19783.88,24174.96,24288.17,22256.58,20735.53,25096.78,29379.75,27227.42,29053.46,30161.47,28822.92,28747.84,24566.98,22570.82,22247.98,21471.61,18469.12,17881.55,25555.06,17154.42,20225
3,44538.32,46558.27,46049.49,66760.29,56196.8,61242.48,53402.78,44753.02,44385.46,44231.95,62972.26,55127.91,73414.94,54281.45,60802.76,49921.69,64476.58,55671.81,51047.73,47610.97,56023.55,64852.69,65646.71,67281.95,70587.84,69962.2,68451.82,57600.6,56705.2,58028.56,71001.22,59380.12,47796.37,55030.52,55129.95,56894.66,56149.73,49313.65,51831.12,50860.9,50409.94,52336.16,51980.94,43139.43,36054.78,51765.42,41720.63,42073.72
4,11190.36,18522.24,17615.03,13237.58,11985.83,12611.5,13602.54,13496.35,11995.08,10947.51,12757.42,14161.58,16986.67,14005.53,20518.6,12718.08,14037.42,14400.11,14593.21,14748.71,15377.98,22194.26,20333.31,17228.35,16691.47,16486.66,17311.09,12648.88,10629.06,11382.13,11489.24,12122.1,11923.51,11191.9,10442.76,11428.32,14837.09,12364.48,11263.94,13250.94,9979.57,8543.76,8990.5,9501.73,7981.22,7823.23,8083.15,9271
5,11066.16,10164.35,13409.54,11784.4,13774.5,12505.46,10167.86,10688.82,9587.55,11171.19,11554.2,13311.71,15553.01,11863.08,14336.58,11694.89,11507.03,12321.17,10061.62,14136.02,18017.97,16412.19,14437.66,9798.11,11463.9,12017.52,12267.73,8997.55,10714.14,8572.59,8574.16,9105.36,8462.17,9082.9,7681.49,7529.89,9790.53,7649.12,9500.66,7715.05,6674.71,7321.9,8059.14,5583.76,4854.12,5878.75,4290,4495.56
6,247134.68,248072.31,338917.8,346038.68,292794.68,364826.99,307773.05,293953.85,265124.45,264800.15,303074.45,330915.78,349110.64,330562.15,355691.61,286465.12,349014.82,292668.05,263165.36,271336.64,242016.03,270771.91,245338.66,241955.03,245919.25,277551.89,255116.1,234460.82,261800.97,261064.46,189825.8,207069.9,188678.42,193179.4,159356.12,169916.19,180095.73,147839.06,163016.18,164767.99,170573.6,144272.23,147068.09,135349.81,108235.37,124893.15,92218.08,90809.43
7,166965.63,181689.34,193465.69,210399.24,195613.37,241683.64,199082.18,186543.96,174169.55,174976.36,195566.1,191054.47,212969.28,208764.39,223377.94,190016.36,223821.65,199178.47,183642.59,180307.29,155728.85,179290.12,162992.54,156101.74,169639.75,165693.28,162078.71,136740.43,167750.92,140695.45,123302.14,124776.82,103315.06,112937.03,95954.36,116721.75,102866.44,89013.25,99019.19,95302.96,96469.57,100395.09,90533.86,73235.27,61580.49,73107.24,58989.63,63564.34
8,1035203.96,1242950.24,1522571.87,1474803.6,1452719.16,1541546.36,1460311.27,1470334.09,1355343.68,1551184.03,1533528.15,1737751.87,1457100.65,1470505.81,1624034.34,1542143.01,1721377.49,1705573.85,1567785.28,1652394.94,1540931.13,1811956.83,1551869.88,1587440.48,1475894.98,1605808.21,1595734.13,1562207.33,1677617.13,1590935.07,1393566.81,1372490.27,1305446.42,1416197.73,1288727.33,1530924.06,1135376.59,1140265.89,1278194.66,1287883.51,1330866.1,1321989.93,1287080.93,1155131.85,970520.43,1105065.46,998956.83,1056157.48
9,100.6,86.95,541.29,163.6,131.7,171,67.35,162.7,188.74,72.35,168,216.62,72.5,94.35,220,153.55,95.45,101.4,128,129.2,73.45,35.9,56.35,129.75,72.2,106.15,113.41,119.55,246.45,205,44.4,378.55,167.88,69.45,77.25,34.3,238.75,88.25,100.75,43.75,67.25,141.75,16.25,57,31,176.25,80.5,21
10,2462.88,1583.59,2592.15,6503.45,3014.48,2388.52,6141.32,2382.59,2136.84,2344.78,2273.58,2832.95,3034.99,3635.48,2621.09,3223.18,3105.89,2427.01,2188.35,4885.6,8003.92,8326.06,8187.37,9258.67,10410.94,10506.83,11067.23,8649.91,8878.27,9390.05,4395.68,7153.35,9182.47,9415.92,6926.85,5910.68,7159.49,6486.94,4493.44,5764.78,4346.63,5446.13,5966.58,3178.34,4984.54,4869.6,4198.35,6990.8
11,4399.92,5066.21,5647.84,6643.34,5574.09,5068.36,3822.1,4537.15,4975.56,5554.98,4940.23,5818.12,5397.97,5540.97,5285.9,5679.15,7847.21,6265.04,7952.16,4292.83,4720.2,5199.48,5235.81,5248.55,6033.48,5685.79,7250.1,5346.38,6012.02,9137.73,4549.57,6939.94,4438.22,3754.71,4281.39,3672.84,4049.34,3509.56,4877.94,3780.21,3578.75,3686.36,4042.7,3315.59,2960.65,2926.05,4104.92,2720.5
12,875.93,992.62,928.64,1259.73,1186.1,1295.99,1505.98,840.02,1035,1092.5,1482.69,1263.25,891.59,950.04,751.28,605.15,1467.73,873.26,1143.62,841.14,858.39,3618.95,1652.29,449.3,2297.34,4676.75,4656.08,530.79,1376.61,1639.53,618.3,796.18,713.18,653.7,572.62,1232.67,587.35,662.75,1851.3,764.85,688.35,729.25,1069.34,2123.9,1111.33,1405.26,1757.35,521.1
13,2739.24,2827.03,4133.88,4929.59,3023.84,4075.32,2425.82,2257.26,2508.08,2782.94,2860.28,2864.93,4399.42,2995.49,2321.04,4863.54,6682,3901.59,6537.76,2664.05,2613.02,5383.36,3310.65,3541.35,4049.14,3432.56,3306.55,4811.01,2463.71,2472.69,2491.85,4071.88,1760.33,2624.14,1664.37,2191.28,2974.48,2949.74,2903.13,2246.25,1819.81,2006.11,2176.7,1468.87,1570.85,2461.36,1530,2153.88
14,5589.85,6096.11,7095.29,7302.79,7059.6,4958.14,5961.72,5616.86,5532.39,6266.09,7014.73,7776.95,7094.5,6265.65,8816.61,7345.09,7344,7048.92,6684.26,11238.79,9443.61,9561.86,6835.43,7704.68,8198.38,7013.66,9195.58,9096.52,6634.14,7696,4492.1,5553.78,5064.57,13268.4,4899.08,4573.23,6615.71,7512.12,5548.99,4949.73,3505.65,3455.98,4338.08,4559.86,3542,3265,4410.39,3157.88
15,3138.79,3398.06,3513.34,4007.46,3538.8,3897.91,3502.67,3797.55,3919.27,5336.81,3679.54,4385.63,3540.23,3289.5,5528.84,5366.08,9191.55,7100.52,6029.84,8101.93,5372.16,3227.6,3945.23,4855.34,3842.17,3471.82,6211.89,3183.68,3690.88,3763.58,2686.82,2538.38,4184.95,2259.02,3011.97,2856.31,3377.35,2825.62,6342.65,4905.39,4093.41,4240.38,3374.32,3193.51,2836.23,4690.29,2827.32,3029.72
16,15674.96,13515.43,16824.47,16303.75,18830,15077.38,17739.88,14696.3,13412.61,15564.35,15323.51,15811.23,17138.66,19386.39,20353.09,17232.34,20150.62,15567.19,19524.11,23621.38,31909.48,24805.76,22126.13,15231.14,15738.27,22172.38,17373.45,13097.59,14612.8,16098.9,12403.64,13312.04,9902.3,11101.04,10928.65,11491.96,13942.85,17129.53,11131.58,11340.85,10998.95,10311.89,10229.17,11500.1,9544.36,10187.39,12490.55,13837.47
17,703.12,696.23,638,787.9,763.95,499,600.35,471.26,713.21,807.44,641.55,681.14,522.16,750.14,626.78,681.16,813.11,715.1,628.56,417.99,2504.75,4883.05,7198.91,5793.16,972.49,381.65,5102.91,6074.92,5810.46,6449.1,448.5,473.95,2769.09,2919.95,1751.62,1148.4,444.26,744.25,2473.54,949.1,1599.45,1131.95,604.3,1063.41,657,415,388.86,487.25
18,170.9,324.47,573.6,460.7,269.35,491.72,297.87,443.66,318.05,291.1,158.2,336.85,172.05,438.29,109.8,197.2,250.6,191.2,202.8,77.45,236.15,247.7,254,147.65,189.2,167.2,240.91,85.86,156.4,216.1,221.2,116.55,134.7,155.1,51.7,38.9,198.4,116.65,9.1,143.2,147.9,69.85,59.75,13.25,303.38,159.4,19,42.25
19,847.4,893.05,3133.69,923.25,1594.9,1068.56,856.34,1109.78,1152.79,1044.39,905.17,1684.67,872.59,1068.68,1134.54,1493.45,1989.05,3038.2,2078.18,3397.09,1537.6,1054.55,962.8,730.3,1156.55,1379.67,1000.2,951.84,1388.24,979.06,1065.45,965.04,815.02,893.16,915.7,1093.24,930.35,1107.1,763.25,938.51,920.88,719.25,943,964.25,551.7,918.26,1030,663.5
20,264.92,128.75,996.88,375.24,259.46,184.45,170,176.44,179.6,197.3,369.8,396.11,448.5,280.45,440.92,418.1,334.99,279.25,328.69,470.45,316.9,291.35,233.4,228.1,392.35,1174.81,325.91,384.6,201.5,283.05,206.05,441.4,324.1,328.5,260.6,350.59,611.95,562.76,565.75,301,245.25,244,281.5,278.2,165.5,84.25,98.75,100.75
21,4762.38,13833.57,7643.06,11432.44,10038.31,9661.19,8909.95,8750.74,8474.81,9793.04,9591.72,10428.13,10165.66,10075.04,13493.47,11150.67,9484.32,8944.34,9019.53,9495.49,10419.67,11403.88,11810.47,9188.28,9075.17,11287.51,17870.56,9009.38,8580.55,9253.86,8498.93,7542.81,5719.05,6364.05,6134,7257.46,7401.31,6873.88,5578.56,5247.14,6408.45,5641.25,4850.45,4952.85,4272.01,3426.75,3436.82,4125.31
22,31552.04,42896.33,35758.07,31709.72,31060.89,30464.38,32594.45,30990.34,31203.93,31369.51,38050.23,48168.74,44003.49,39029.37,46278.83,37574.69,40591.14,35869.97,32969.24,35665.93,34514.08,43649.39,37248.63,33101.31,33406.68,49971.48,32675.3,28051.35,31551.62,25123.17,22614.32,22530.09,19155.6,22817.43,21887.74,20136.34,24281.35,19803.27,18727.99,21466.45,18501.79,18606.35,18231.09,14865.15,12475.6,14393.73,11860.71,12380.59
23,858.14,734.59,1138.93,1190.1,1071.85,1085.64,642.6,766.99,904.6,1033.68,1257.03,1532.13,1565.55,1432.89,1906.78,2895.9,1491.54,1575.93,1478.48,1118.13,1106.59,1145.61,1193.06,1268.25,1741.15,1574.44,1173.58,1234.75,957.3,941.12,971.55,1705.75,919.48,1104.85,985.52,1710.81,1530.75,1472.65,1490.75,763.15,978.67,672.15,923.75,473,521.25,1054.5,509.75,575.5
24,90733.06,104802.2,123523.65,132500.47,117977.4,142305.38,116735.59,117599.02,136175.96,116621.96,135661.84,145104.79,140699.1,135811.38,163489.79,144146.08,156449.35,129236.54,128123.51,123864.49,126897.24,122630.85,132173.92,113669.59,114701.11,161928.73,137476.93,112093.46,125896.29,105143.49,85541.92,86228.46,74439.5,79198.29,74307.32,74619.32,104781.86,71821.53,74502.19,75122.27,67871.42,63342.52,69000.23,49253.94,44695.95,54787.68,42454.41,42813.83
25,3325.71,4696.64,3873.56,3601.58,4054.08,3337.29,3301.08,2877.07,1239,1949.49,1831.35,2220.73,2514.51,2260.14,2214.76,1837.73,1861.29,2493.77,1998.28,2232.64,1797,1476.23,1728.87,3234.93,2365.74,3751.42,3380.24,3173.41,2308.9,2350.74,1719.61,2103.01,2348.7,2367,1590.48,1729.49,1859.92,2234.34,3126.98,1845.04,1568.62,1107.8,782.95,465.25,446.25,568,416.36,544.4
26,324.2,988.03,581.95,425.45,390.31,273.85,201.9,251.1,152.2,224.95,173.55,124.4,291.05,195.94,452.35,177.91,201.35,379.24,117.2,464.33,185.4,233.6,239.85,347.88,148.64,250.61,433.98,214.1,170.91,259.45,173.9,207.58,213.85,134.05,142.85,126.7,125.4,189.7,327.85,117.73,107.72,151.75,163,55.75,60,38.5,35.5,25.75
27,406.58,631.54,719,795.78,796.4,766.54,1024.88,544.8,513.51,565.39,498.05,742.94,639.65,1221.1,1211.29,1372.05,957.2,418.9,640.27,604.25,441.9,834.24,463.83,353.86,514.44,650,967.16,675.9,723.19,533.35,296.45,273.52,313.01,454.05,417.52,420.81,600.6,455.5,316.75,406.25,801.76,203,316.56,482.25,259,346.25,322.61,365.6
28,146060.32,165871.08,182003.08,182265.2,198124.65,166252.03,152527.45,151509.42,178858.61,194631.69,180579.04,200165.29,208915.36,202708.24,224599.98,193813.89,209584.63,169367.12,166447.62,180861.26,163730.92,212483.24,178648.48,198433.89,202902.16,227580.41,236213.35,182485.91,187577.89,188810.9,155757.94,148867.53,145808.84,167567.74,157700.34,166284.49,169968.05,159017.64,184444.18,164780.85,137030.65,141615.45,144713.87,130818.17,115269.33,131607.68,118032.08,148107.79
29,119.4,450.46,571.41,488.08,413.37,314.65,265.95,379.45,297.95,409.4,441.05,491.7,679.41,548.11,840.11,1461.39,446.95,595.5,720.91,449.05,368.1,741.89,325.16,224.75,429.4,767.2,383.2,553.1,477.75,604.2,432.81,413.04,1265.83,484.43,687.68,564.26,499.49,518.7,767.27,424.45,342.55,176.67,270.5,289.25,477,382.75,325.75,255.75
30,782.3,485.59,517.9,880.44,1107.49,860.63,522.9,590.95,597.23,912.38,727.45,1123.45,741.55,611.4,674.3,699.33,976.08,1212.61,510.7,411.2,742.5,1491.12,897.89,783.5,666.44,692.15,696.6,583.49,920.75,692.53,600.84,809.51,575.65,603.96,1044.73,564.09,935.23,949.69,722.2,869.1,522.1,486,665.75,408.25,178.5,381.5,582.5,491.75
31,1228.67,2008.19,2671.03,2306.25,2794.68,2137.09,1809.47,2298.28,2369.33,3122.74,3040.89,3435.57,3795.63,2976.94,3473.87,3465.86,3362.12,3016.37,2302.82,2352.31,2303.6,3173,2628.61,2772.01,2148.53,2940.07,2576.18,2122.04,2633.58,3107.58,2822.35,1930.13,2062.63,1920.71,2192.88,2682.71,1755.27,1772.34,2004.65,2112.66,2172.64,1708.77,1582.5,1126.9,936.01,1186.25,865.01,839
32,451458.51,505649.36,545505.46,741674.22,624634.23,561808.75,576080.6,566241.97,558308.11,659827.61,580019.48,626935.3,591251.43,645835.76,678990.06,695993.57,716560.6,655366.51,640944.69,624105.07,656066.11,740660.62,631470.66,616064.59,636873.67,675326.9,794779.58,675568.83,727025.42,663530.43,616590.49,561375.55,592037,626124,565044.28,606013.31,545174.64,584468.7,651372.95,640840.19,616475.08,627895.28,573596.21,552641.64,478880.79,552500.44,473383.6,503651.68
33,21760.22,23715.59,35401.31,29431.56,34041.55,58692.66,39504.17,37199.43,38091.08,46969.99,34277.55,34318.75,20420.93,30435.51,38658.04,36847.35,49017.53,45109.38,48259.24,38096.21,35434.43,35725.45,37264.03,31781.71,25573.89,29818.05,37344.34,35718.47,45105.24,45627.38,46855.88,27065.08,33339.21,37159.6,31451.94,22279.45,16809.59,24307.98,30663.83,29635.54,31251.7,37652.57,34756.36,20845.75,22049.12,30692.93,28609.64,12786.35
34,638.97,942.37,1975.9,2346.27,2609.57,1963.61,1854.71,2140.25,2001.88,1718.35,1489.24,1802.94,1648,1855.49,1916.73,1597.85,1821.4,1586.76,1431.94,1779.18,1245.03,1226.41,1290.74,1066.1,1893.77,1725.62,1596.41,1285.26,1746.13,1373.7,1546.06,1602.86,1300.97,1493.49,1127.16,975.7,980.39,1190.95,1403.01,1107.25,1105.2,1167.8,1570.45,958.75,869.9,855,633.57,1075.25
35,3583.76,5946.52,6529,6282.24,6081.29,3479.17,3041.18,4162.91,4155.98,4826.89,4834.28,4834.65,5461.18,5322.26,5712.62,4620.84,4796.29,3867.04,4280.94,3447.9,2097.7,2673.9,2426.89,2275.42,2070.02,4005.57,3849.99,3204.54,4066.82,5096.99,6127.78,4903.34,4259.93,5021.38,4287.51,3920.89,3526.7,4971.26,4594.1,3595.8,2688.65,8428.96,8335.12,1413.8,1196,1351.5,1406.25,1331.75
36,227.65,283.85,477.2,445.19,647.51,328.5,323.1,381.95,482.9,462.4,677.84,634.4,903.18,1082.55,842.25,784.25,526.09,400,743.33,590.85,282.15,222.85,307.45,301.8,299.15,660.65,607,413.01,456.08,619.81,570.75,643.66,300.9,806.97,290.9,247.2,501.1,646.59,503.75,352.5,225.5,417.5,457.5,394.75,203.75,175.25,263.25,308.01
37,215.77,219.3,218.6,221.2,250.21,226.31,121.3,160.55,241,255,431.8,329.7,278.75,313.9,392.95,395.8,282.7,172.85,253.8,277.7,218.5,187.9,143.85,159.6,167.55,388.9,329.69,319.69,197.3,220.9,230.35,299.09,174.3,198.75,209.4,258.75,261.05,309.25,159.25,230.9,94.75,197.59,135.5,54,72.5,49.25,198.25,40.5
38,663.89,5974.36,1357.38,1373.39,1115.35,911.76,568.75,914.35,1095.35,2236.45,1443.85,1546.46,2756.69,2192.34,1912.9,1380.84,1491.07,976.19,1324.36,1327.3,826.7,836.83,1038.49,1146.2,1124.55,2076.47,1699.85,1323.59,1774.64,1499.1,1824.14,1207.45,1148.97,1022.45,1189.32,1499.45,1604.34,1768.45,2816.35,1567.43,1026.1,790.8,871.75,668.25,662.25,489,792.47,399.75
39,1274.38,1700.78,2179.03,2538.33,2651.36,2081.01,1933.33,1923.65,2272.24,2339.89,2721.28,2704,2926.49,3036.81,2710.5,2432.45,2421.37,2136.68,2348.39,2033.73,1748.98,1817.75,2260.45,1758.84,1850.86,2328.64,2299.67,1811.2,2123.95,1992.74,1866.54,1493,1486.79,2622.88,1664.44,2133.64,2198.3,2065.6,2137.25,1363,1656,1610.51,1656.5,1337.5,1217.25,950.15,897.11,1097.75
40,197.6,252.35,504.55,351.7,344.9,330.7,136.1,404.3,283.9,280.35,674.05,591.55,394.8,547.45,546.15,380.85,299.5,331.59,443.05,536.4,334.45,303.95,210.8,301.2,385.55,729.8,375,353.25,265.05,222.09,399.44,246.3,227.35,450.6,346.15,475.19,507.8,736.52,1699.39,605.5,137.5,317.25,217.5,128,187,192.25,93,163.25
41,13954,7779.3,8360.35,10536.94,8896.39,15575.6,7265.53,7407,8200.13,11437.72,10558.46,13299.73,13304.72,27670.87,12840.42,14250.92,12026.5,11208.89,10945.22,10302.2,9245.23,11149.4,18506.12,9770.62,11090.66,13607.2,11841.76,10290.46,10303.31,9751.96,9927.02,8434.09,7899.49,9285.69,7502.11,6914.2,7332.04,7830.75,8138.2,8726.56,6932.55,7050.76,6996.68,5967.42,4746.1,4386.65,3883.02,4368.17
42,786.35,1041.29,1209.45,1242.6,1527.07,997.81,789,1103,1387.6,1671.75,1744.92,1844.6,1686.05,2000.37,1943.87,1400.4,1151.85,1149.4,2120.34,1420.99,1188.7,1400.6,1160.57,1089.5,1019.25,1408.9,1511.15,1294.05,1137.46,1215.79,1202.4,933.24,1036.74,727.7,1003.74,838.08,814.48,1142.05,1314.62,851.05,399,557.6,741.75,491,1292.25,325,277.15,606.9
43,1041.82,10252.93,2078.27,2737.46,2318.84,1394.54,1424.79,1858.25,1821.85,1767,1680.15,1917.5,2145.3,2298.7,2510.59,2107.33,1645.68,1524.45,1758.55,2657.19,1125.9,1290.7,1544.55,1509.24,2606.96,2550.39,1922.59,1404.48,1471.4,1028.25,1191.04,1035.35,1117.85,1079.14,1405.96,1100.09,1139.18,2184.02,1944,1091.19,1134.2,1413.3,1172.62,629,501.9,643.75,846.1,631.25
44,1032.87,1083.83,1395.58,1743.46,1174,1009.95,718.42,886.46,1224.31,1250.44,2032.79,1782.9,1408.49,1764.33,2214.59,1892.7,1945.45,1715.04,1776.75,1327.18,1398.69,1522.29,1563.57,1705.99,1478.72,1782.24,2076.09,2007.27,2275.82,2838.74,1882.8,2214.5,2308.66,2567.98,1966.16,1851.98,1809.45,2392.59,2420.94,1304.35,1034.7,1363.16,1107.55,1052.65,1009.9,2066.7,903.93,838.6
45,81.35,188.48,264.6,218.74,462,195.35,97.9,120.84,394.15,250.24,258.5,405.35,416.75,394.9,303.7,140.1,347.25,300.05,335.8,272.4,65.48,233.14,136,238.75,140.49,280.15,200.15,133.75,385.85,225.88,272.95,310.15,107.69,211.8,131.58,177.22,211.63,411.95,264.4,184.2,59.5,95,48.25,39.25,18.25,77.25,42.25,118.1
46,225.7,349.65,403.44,305.9,462.65,467.5,676.19,725.5,671.14,517.75,398.31,438.6,371.95,571.6,442.95,414.64,352.45,215.35,324.7,425.75,820.7,223.9,445.54,192.8,128.9,613.74,344.35,229.35,229.19,161.65,351.8,225.4,186.95,209.56,222.9,305.76,357.71,271.6,279.75,183.5,225.25,168.5,178.25,56,90.25,35.75,78,116.25
47,,57,25.25,60.3,14.35,38.2,31.1,65.3,9.95,217.7,6.25,32.6,14.45,40.95,42.2,10.3,85.15,56.25,13,30.2,6.5,6.5,18.1,3.25,3.25,59.6,90.35,,165.25,30.45,69.5,34.4,36.35,,22.14,12.55,67.45,64.75,490.7,40.25,,,,31.15,17,32,,
48,214.7,346.35,480.65,1012.75,785.45,358.15,484.8,588.2,633.05,495.5,291.61,284.35,313.35,428.7,330.6,394.9,305.8,317.15,345.8,335.9,269.4,180.5,131.65,97.05,235,338.45,339.7,242.2,326.25,215.4,373.8,277.51,213.62,304.1,276.89,296.6,1062.08,592.7,232.4,433.5,71,71.5,102.25,38.25,32,21.5,70.5,35.25
49,263.79,337.15,532.8,1144.59,837.95,371,340.5,589.7,735.65,819.35,893.8,506.8,577.05,678.4,587.7,454.5,375.7,473.45,576.5,336,222.95,470,427.1,581.2,671.45,2052.99,4628.69,5370.33,5991.84,4403.8,4384.26,3827.42,4675.5,4797.23,4311.38,4711.27,4924.07,4090.95,3088.03,3959.7,3597.25,3505.75,3570.5,3465.75,2164,2865.5,3356.75,2869
50,49.6,55.75,58.75,56.7,69.95,64.41,62.5,34.3,52.15,129.1,98.45,218.65,209.55,118.75,121.65,123.7,181.6,48,9.75,16.45,146,33.7,62.35,20.9,73.4,90.51,72.75,167.54,71.55,54.95,54.35,222.78,27.3,63.15,119.3,223.87,116.97,610.55,535.25,773.5,16.25,13.25,132,259.5,3.25,10.25,100.75,13.25
51,594.89,182.4,317.8,214,280.2,618.68,241.15,296.33,210.05,142.3,221.1,380.9,213.6,334,516.14,817.54,723.85,580.64,388,376.25,349.7,396.71,529.6,645.3,413.75,505.9,629.59,539.35,211.04,359.34,209.85,505.69,579.87,365.74,254.75,177.97,631.1,768.6,510.7,255.55,748.25,217.1,150.9,190.75,217.3,88.8,253.15,106.8
52,19.9,41.4,51.2,19.9,13,47.8,10.95,77.35,3.25,45.75,16.65,72.4,52.5,35.65,58.5,30.45,3.25,72.35,190.35,27.9,21.05,9.75,16.85,47.1,6.5,43.2,10.75,16.85,3.25,3.25,101.15,19,255.35,331.14,20.15,47.1,189.75,3.25,108.25,42,11.25,22.75,33.5,75.75,3.25,,257.75,
53,162.34,116.5,410.6,202.8,42.2,52.55,306.96,416.7,209.25,137.4,237.94,17.65,194,395.35,327.4,223.25,325.2,254.15,193.15,181.15,132.2,202.75,170.95,295.75,291.3,382.35,378.9,303.95,296.4,357.39,614.44,426.42,487.78,399.6,608.8,477.59,444.77,468.8,404.5,118.15,30.1,130.8,163.7,91.55,46.7,96.9,61.45,70.45
54,12.55,42.35,82.9,6.5,,4.85,3.45,20.1,14.85,11.6,3.25,6.5,23.7,51.8,135.85,246.2,9.75,130.55,65.3,43.45,71.35,58.05,71.2,71.35,43.65,131.25,130.45,50.15,132.15,111.95,81,152.9,23.35,3.25,71.9,64,46.35,63.75,51.6,12,,6.75,,,,,3.5,102.5
55,15.35,10.35,14,6.7,166.85,3.45,51.75,28.25,6.5,3.25,20.35,6.5,6.5,126.05,155.2,13.4,3.25,14.4,7.1,18.25,6.7,7.7,54.55,13.6,61.3,34.75,3.25,35.1,35.6,21.9,6.9,25.75,74.8,18.2,11.15,6.7,106.5,38,26.25,6.75,15.25,55.5,69,4,3.25,7,6.5,
56,20616.95,27868.04,46200.16,49303.54,51830.69,39747.4,39082.06,39487.84,48526.24,52132.68,49873.84,54629.3,37185.15,37999.51,45655.48,50320.5,42138.23,32393.41,35207.73,39196.48,27274.51,37124.69,27884.53,25293.58,24679.74,39064.42,35947.02,42530.78,35612.27,37951.24,41050.1,35293.51,32106.86,34391.47,26979.6,27672.38,28613.27,30132.87,28640.26,27825.68,28412.56,30784.03,27238.49,25481.78,19115.97,24108.05,25253.47,19493.61
57,201.25,6789.36,326.88,337.29,317.05,285.49,230.59,611.69,323.54,259.3,324.3,450.82,425.95,265,423.02,236.15,437.35,509.49,397.48,292.65,341.65,677.78,226.8,261.3,365.55,139.6,373.99,615.52,470.15,206.2,114.65,338.64,250.2,177.6,183.8,153.79,363.08,246,338.8,347.25,197.75,182.75,623,164.25,98.75,52.76,59.5,272.5
58,626.1,15111.49,725.35,1084.57,1118.21,2983.62,865.5,1203.4,553.59,1087.62,796.4,1032.5,1181.29,2107.5,968.53,902.25,673.55,775.65,823,504.4,395.65,420.05,374.55,506.45,798.19,870.5,2046.2,873.85,967.54,961.99,810.19,750.55,606.02,844.34,970.55,1038.95,947.25,1045.5,1162.5,732.72,591.25,554.7,1078.5,282.75,324.51,546.75,424.5,149.75
59,6736.58,6686.6,6904.1,8017.8,6925.96,6846.68,7317.56,7056.95,6153.55,8374.49,5847.36,5409.79,7393.44,7435.12,9070.4,8167.67,6760.74,6863.34,5584.1,5004.26,4535.6,6330.24,3534.98,3872.21,4903.39,7232.23,7363.56,6788.61,6104.56,5889.96,4124.55,4932.29,3721.25,3965.94,3264.94,3383.9,3921.83,4111.2,4402.15,5308.65,5356.51,5265.05,6031.8,4536.09,4162.82,4054.63,3435.32,3962.5
60,832.11,2281.81,1999.94,2700.19,3060.89,1506.37,1130.51,1247.75,1438.05,1360.09,2136.02,2252.46,2855.93,2195.6,1974.06,2015.71,2160.69,1320.15,1578.73,1517.16,6086.11,1198.62,1464.29,2579.27,972.01,2099.96,2024.78,1321.56,1307.65,1385.61,2172.87,1420.41,1010.62,2038.67,1140.84,1603.2,2106.4,1716.25,1701,1260.65,723.7,939.75,735.76,616.75,932.25,599.11,561.52,600.25
61,299.45,681.67,877.25,719.59,878,516.55,399.6,762.85,670.95,572.3,625,447,516.91,997.9,775.65,907.4,683,472.4,826.8,546.2,452.79,657.55,831.49,1307.15,385,726.95,609.81,515.51,646.5,783.95,725.61,508.54,403.76,707.74,580.14,571.25,639.51,928.1,2019.8,608.25,458.59,431.75,380,408,337.5,362.75,229.75,145.75
62,82.35,95.25,122.55,215.85,1199.83,191.25,142.61,117.95,92.6,361.45,170.3,254.8,208.15,158.7,253.2,149.5,149.23,145,105.75,248.59,73.8,59.35,137.65,129.95,176.72,233.1,154.6,196.35,264.55,81.45,92.55,94.85,78.85,158.35,106.55,88.34,89.99,86.75,102.4,249.65,227.21,107.5,71.5,216,106.5,62.5,119.75,38.25
63,174.75,174.9,323.4,256.45,211.05,162.35,206.45,415.19,250.15,192.55,336.05,318.2,293.35,295.9,352.14,404.96,206.6,113.2,234.8,228.95,128.2,161.75,222.7,232.6,181.4,340.3,438.91,228.8,173.45,317.5,205.15,570.69,290.14,287.08,202.65,277.69,211.3,424.05,287.01,199.1,72,185,84,75,40.5,95.75,62.5,121.5
64,209.6,239.15,300.58,632.29,791.51,395.6,281.7,362.21,705.4,364,393.39,473.95,230.2,529.85,265.54,458.25,588.3,406.35,456,400.25,254.2,308.9,815.36,1451.36,1341.82,1523.14,1530.5,2277.94,2177,2123.79,1708.32,2040.13,2562.49,3069.5,2375.42,2743,2938.51,2228.85,1468.33,2367.25,235,248.25,154.75,83.86,202,416.83,120.5,77.2
65,136.45,181.85,216.5,331.25,233.35,233.58,190.45,393.24,171.15,124.45,363.05,571.85,278.55,296.8,424.1,412.75,307.25,258.95,116.55,333.3,119.55,231.25,147.45,149.77,406.39,147.05,283.6,271.86,322.92,139.15,155.7,138.3,585.79,238.56,104.25,104.5,127.05,161.31,146.8,203.89,1025.77,44.41,112.5,147,115.5,45.5,70.5,161.25
66,366.27,424.15,469.4,638.77,300.8,287.05,138,375.1,404.3,471.05,647.32,435.2,514.3,557.15,395.65,366.4,388.6,148.85,257.8,146.1,130.7,124.85,1001.4,185.25,854.04,764.58,682.75,811.65,1950.55,1473.47,559,532.78,530.24,349.08,936.49,502.54,513.84,819,824.1,446,193.6,126,128.25,150.25,43.75,128.75,250,325
67,181.25,288.3,555.8,292.85,627.45,203.4,159.25,292.6,229.2,353.49,647.6,599,649.74,1077.3,544.05,556.85,651.5,353.1,707.45,352,637.9,609.85,318.2,188.54,502.45,684.05,1092.01,791.61,582.34,544.24,757.6,534.5,495.09,545.96,357.19,539.18,582.45,859,668.45,323.8,239.62,93.75,123.4,243.75,140,34.75,266.1,71
68,460.75,430,542.09,759.84,515.35,471.26,325.9,655.31,427,554.05,446.65,916.94,742.15,728.3,865.04,642.1,668.55,495.9,495.15,520.8,1193.28,257.1,328.55,496.3,277.35,703.05,643.39,447.46,536.3,228.54,448.29,347.24,638.7,646.22,761.91,728.41,752.2,1063.02,738.14,620.15,88.13,203,263.35,256.5,188.95,243.9,212.35,622.7
69,509.95,611.31,1160.69,1184.84,1079.25,672.9,507.84,590.6,1047.38,764,1147.75,1026.84,1111.66,1486.19,1593.89,584.83,653.24,847.23,852.87,772.43,622.93,1052.01,888.25,788.64,883.26,1594.15,914.32,1006.63,885.65,728.9,769.99,597.92,482.01,717.08,560.85,791.8,1194.35,1254.24,1465.39,777.05,279.1,573,432.6,306,274.65,387,566,541.5
70,89.2,97.3,322.15,4389.08,244.45,166.2,325.29,261.15,337.5,206.6,345.6,350.2,238.95,422,413.04,346.45,946.86,184.3,322.15,416.43,331.04,428.54,247.45,279.35,3024.3,668.8,306.95,485.79,321.84,590.35,285.75,225.95,94.8,284.6,167.9,243.25,247.8,413,618.95,219.5,168.6,216.48,156.5,311.25,182.5,195,284.75,94.5
71,357.75,510.25,724.5,2903.15,638.75,579.6,349.45,323.1,827.57,549.05,600.85,612.3,747.4,935,856.6,830.06,561.25,697.6,430.95,579.5,243.35,475.8,510.8,789.4,604.8,1540.45,681.4,736.4,795.2,663.65,969.58,495,442.95,754.73,740.17,484.6,716.69,985.6,1074.71,390.3,163.08,294.35,192.1,200.95,255.05,135.4,100.8,145.8
72,138.55,87.9,180.15,207.4,210.8,152.4,211.85,164.6,236.75,95.95,42.9,292.8,68.1,85.14,107.65,215.95,131.05,220.95,175.2,208.45,148.3,16.85,41.9,59.2,45.4,162.9,135.6,165.65,145.3,254.64,110.3,149.74,78.9,81.6,89.1,82.85,43,119.25,126.25,115.75,145.25,22.75,113.5,88.4,18.25,53,71,151.5
73,305.6,184.8,285.55,157.6,219.75,186.5,50.35,245.95,276.5,143.75,487.45,164.7,84.25,492.7,311.75,161.5,226.65,121.8,197.7,154.59,126.26,142.75,261.88,109.95,104.1,230.95,256,397.35,170.1,121,207.15,233.19,238.8,186.56,141.78,271.95,171.75,212.5,585.01,65.5,82.45,65,215.5,159.25,127.5,128.5,157.75,88
74,41.65,85.4,100.95,39.81,94.12,51.25,39.1,56.5,10.75,131.25,104.9,6.5,5.5,61.15,101.25,101.6,54.85,13.4,9.75,28.6,13.7,48.15,92.7,11.7,101.75,30.75,9.75,6.5,6.5,10.95,66.6,249.5,32.7,80,249.67,63.25,50,6.5,49.75,6.5,46.5,9.75,53.5,103.5,,124.25,32,150.77
75,69.05,108.35,186.3,255.77,436.8,169.6,150.25,104.35,200.7,117.41,240.6,106,34.2,481.95,234.45,56.65,92.4,32.6,158.45,209.3,22.75,69.7,82.2,131.1,45.3,91.05,106.15,175.65,157.25,99.4,55.05,67.6,243.6,192.05,133.35,28.5,130.35,316,224.52,125,45,96,69.5,218.61,20.26,89.75,15.75,51
76,112020.87,137587.7,173332.49,190169.43,186700.75,171274.52,148891.42,161206.45,167099.1,193058.99,188699.91,160503.95,143352.98,144716.24,171979.21,174514.11,176135.21,160126.3,150299.51,148445.59,158117.09,164822.06,142606.31,133058.95,151590.37,142998.72,187171.62,168161.34,165792.7,165269.77,138371.29,162423.02,166158.2,179560.98,159685.01,118929.45,150170.62,136511.55,153395.51,163008,158052.58,147787.4,145875.96,154345.55,117040.24,131890.65,123336.04,91263.95
77,24517.27,27932.61,37726.52,40833.76,34308.17,31356.37,41390.39,32947.61,28854.58,31743.4,35037.83,39024.36,41336.4,44972.5,40487.83,36015.18,37524.24,35830.54,36899.39,33438.44,32972.68,46230.04,34285.04,38673.58,36205.71,40030.69,40027.05,38125.89,39452.94,38335.5,42606.06,42103.82,38870.92,39914.43,41421.99,36964.52,39061.01,34925.9,38618.7,39795.36,44651.03,37632.68,33025.2,33031.54,24484.42,28395.24,26582.35,29667.27
